id,module,subcategory,difficulty,score,question_type,question,option_a,option_b,option_c,option_d,answer,explanation
VD_DES_001,設計概念,完形心理學,初級,100,single_choice,在完形心理學（Gestalt Psychology）中，當多個視覺元素彼此距離較近時，人眼會傾向將它們視為同一個群組，這是哪一項法則？,接近法則（Proximity）,閉合法則（Closure）,相似法則（Similarity）,連續法則（Continuity）,A,接近法則（Law of Proximity）指出：在空間上互相靠近的物體，大腦會自動將其知覺為具有關聯性或屬於同一群組。
VD_DES_002,設計概念,完形心理學,初級,100,single_choice,知名品牌 WWF（世界自然基金會）的大熊貓標誌，其輪廓並沒有完全封閉，但觀看者的大腦卻能自動補全熊貓的外形，這屬於完形心理學的哪一項法則？,共同命運法則（Common Fate）,閉合法則（Closure）,對稱法則（Symmetry）,焦點法則（Focal Point）,B,閉合法則（Law of Closure）是指當圖形存在缺口或不完整時，人類認知會傾向自動補足缺失的資訊，將其感知為一個完整封閉的整體。
VD_DES_003,設計概念,完形心理學,初級,100,speed_buzzer,當排版中具有相同顏色、形狀或大小的元素出現時，讀者會自然將其歸為同一類別或功能（如所有按鈕皆為同色圓角矩形），此現象是完形中的：,相似法則（Similarity）,連續法則（Continuity）,圖底關係（Figure-Ground）,接近法則（Proximity）,A,相似法則（Law of Similarity）說明外觀特徵（色彩、造型、尺寸、方向）相似的元素，在視覺上會被感知為同一性質或同一群組。
VD_DES_004,設計概念,完形心理學,中級,150,single_choice,著名的「魯賓之杯」（Rubin Vase），既可看成一個白色花瓶，也可看成兩張黑色側面人臉，這主要展現了完形心理學中的何種概念？,多穩態與圖底關係（Figure-Ground Organization）,共同方向法則（Common Direction）,對稱性與秩序（Prägnanz）,視覺連貫性（Uniform Connectedness）,A,圖底關係（Figure-Ground）決定了什麼是主體（圖/Figure）與什麼是背景（底/Ground）。當兩者邊界共享且感知可逆時，會產生多穩態視覺交替錯覺。
VD_DES_005,設計概念,完形心理學,中級,150,single_choice,在導航指標或資訊圖表中，設計師常利用一條平滑曲線或箭頭引導讀者視線沿著特定方向移動，這符合完形心理學中的：,連續法則（Good Continuation）,相似法則（Similarity）,封閉法則（Enclosure）,同域法則（Common Region）,A,良好連續法則（Law of Good Continuation）指出人眼偏好沿著連續平滑的線條或幾何走勢進行視覺追蹤，而非突然轉折或中斷。
VD_DES_006,設計概念,完形心理學,中級,150,single_choice,現代網頁與 App 常見的「卡片式設計（Card UI）」，利用一個淺灰色的邊框或背景色塊將標題、內文與按鈕框在一起，這在完形心理學延伸理論中稱為：,共同區域法則（Common Region）,相似法則（Similarity）,共同命運法則（Common Fate）,對稱法則（Symmetry）,A,共同區域法則（Law of Common Region）由 Stephen Palmer 提出，指出被明確邊界（如卡片外框、底色塊）圍繞的元素，會被強烈感知為同一個功能單元。
VD_DES_007,設計概念,完形心理學,挑戰,200,single_choice,在動態視覺設計中，多個不同形狀的幾何圖形同時以相同速度與方向往右上角滑動，觀眾會直覺認為它們是一體同步行動的，這體現了哪項法則？,共同命運法則（Common Fate）,同心法則（Concentricity）,平滑運動法則（Smooth Movement）,動態對比法則（Dynamic Contrast）,A,共同命運法則（Law of Common Fate）描述一起朝向相同方向或相同速度運動的視覺元素，會被強烈知覺為屬於同一個群體。
VD_DES_008,設計概念,完形心理學,挑戰,200,single_choice,完形心理學的核心原則「簡潔律（Law of Prägnanz）」又稱「好圖形法則」，其最核心的心理學主張為何？,人腦在解讀視覺輸入時，會自動以最簡單、最規律、最穩定、耗能最少的方式組織圖形,凡是具備強烈對比的圖形，人腦記憶留存率一定高於單一色彩,文字與圖像並存時，大腦優先處理文字訊息再解讀圖像,人眼對水平線的感知敏感度永遠高於垂直線與斜線,A,Prägnanz（德文簡潔有力、精煉）表明知覺系統具有自發消除歧異、趨向最大對稱、簡單與結構穩定的傾向。
VD_DES_009,設計概念,完形心理學,初級,100,single_choice,在文字排版時，行距（Leading）如果小於字距（Tracking），會導致文字上下行黏在一起，破壞了哪項完形分組原則？,接近法則（Proximity）：行間距離未拉大，造成跨行文字被誤歸為一組,閉合法則（Closure）：字形筆畫缺口消失,相似法則（Similarity）：不同字體無法區隔,對稱法則（Symmetry）：文字左右重心失衡,A,當字詞內部距離小於行間距離時，橫向閱讀動線自然成立；若行距過小，上下行字元比左右字元更接近，會破壞接近法則的自然分組。
VD_DES_010,設計概念,完形心理學,中級,150,single_choice,設計師在黑白海報中，利用畫面主體切除的負空間形塑出另一隻動物的剪影，這種正負形互換的技巧是根植於：,圖底反轉（Figure-Ground Reversal）,尺度對比（Scale Contrast）,透視消逝點（Vanishing Point）,結構對齊（Structural Alignment）,A,圖底反轉巧妙利用正空間（圖）與負空間（底）共用邊界，讓觀者能在主體與背景之間解讀出多層語義。
VD_DES_011,設計概念,完形心理學,中級,150,single_choice,在一組皆為圓形的圖案中，若只有一顆圓形被塗成鮮艷紅色，其他皆為淺灰，觀者的視線會立刻被該紅圓吸引，這屬於：,焦點法則（Focal Point / 異質突顯）,閉合法則（Closure）,連續法則（Continuity）,同域法則（Common Region）,A,焦點法則（Law of Focal Point）指出在具有高一致性（相似性）的環境中，破壞規則或帶有顯著對比的相異元素會成為視覺中心點。
VD_DES_012,設計概念,完形心理學,挑戰,200,speed_buzzer,若兩個距離較遠的圖形，被一條細線相互連接，觀眾會感知它們具備關聯，這種連結超越了單純的空間距離，稱為：,一致連結法則（Uniform Connectedness）,接近法則（Proximity）,對稱法則（Symmetry）,慣性法則（Inertia）,A,一致連結法則（Uniform Connectedness）是完形強大的分組原則：被視覺線段或實體結構連接的元素，其分組優先權往往高於顏色相似或空間鄰近。
VD_DES_013,設計概念,排版與字體學,初級,100,single_choice,在歐文字型分類中，筆畫末端帶有裝飾性襯線（裝飾小角）的字體類別稱作什麼？,Serif（襯線體）,Sans-Serif（無襯線體）,Monospace（等寬體）,Display（展示體）,A,"Serif（如 Times New Roman, Baskerville）筆畫始末帶有襯線裝飾，傳統上多用於印刷長篇內文以提升水平行間流暢度。"
VD_DES_014,設計概念,排版與字體學,初級,100,single_choice,在數位螢幕介面與現代海報中廣泛使用的 Helvetica、Arial，在分類上屬於：,Sans-Serif（無襯線體）,Blackletter（哥德黑體）,Script（手寫體）,Serif（襯線體）,A,Sans-Serif（無襯線體，Sans 為法語「沒有」之意）造型簡練俐落，在低解析度或數位螢幕上具有極高辨識度。
VD_DES_015,設計概念,排版與字體學,初級,100,speed_buzzer,中文排版中，相當於歐文無襯線體（Sans-Serif）、筆畫粗細均勻且末端無圓角或角錐裝飾的字體是：,黑體,明體（宋體）,楷書,仿宋體,A,黑體（Gothic / Sans-serif）橫豎筆畫粗細均等，起筆收筆平直無襯線裝飾，是現代介面與指示標誌的主流字體。
VD_DES_016,設計概念,排版與字體學,中級,150,single_choice,在專業排版軟體中，「Kerning（字距微調）」與「Tracking（字距字元間距）」的主要差異為何？,Kerning 專門微調「特定兩個相鄰字元之間」的距離，而 Tracking 則是等比例調整「整段或整行所有文字」的總體間距,Kerning 調整行距，Tracking 調整字距,Kerning 只用於中文字，Tracking 只用於英文字,Kerning 調整筆畫粗細，Tracking 調整字高,A,Kerning 是針對特定兩字（如 A 與 V、T 與 o）的相容性進行微調；Tracking（字偶間距/字距）則是針對選取範圍內整組文字進行一致的寬鬆縮放。
VD_DES_017,設計概念,排版與字體學,中級,150,single_choice,在長篇中文書籍排版中，為了確保讀者眼睛換行時不會跳行或疲倦，最適當的「行距（Line-height / Leading）」通常建議設定為字級的多少比例？,1.5 倍至 2.0 倍（約 150% ~ 200%）,0.8 倍至 1.0 倍,3.0 倍至 4.0 倍,0.5 倍,A,正體中文方塊字結構緊實，內文行距一般設定在 1.5 倍到 2 倍字級（例如 10pt 字配 15pt~20pt 行高）閱讀體驗最為舒適舒緩。
VD_DES_018,設計概念,排版與字體學,中級,150,single_choice,印刷排版術語中的「X-height（x字高）」指的是歐文字型中的什麼基準？,"小寫字母（如 x, a, e, o）的主體高度，不含上伸部分與下延部分",大寫字母頂端到底邊的高度,字母下延伸線（Descender）到底部的距離,文字傾斜時斜邊的投影寬度,A,X-height 代表小寫字母不帶上伸線（Ascender）與下延線（Descender）時的核心字高，X-height 越大的字型在小字號時越容易閱讀。
VD_DES_019,設計概念,排版與字體學,挑戰,200,single_choice,在歐文字體構造中，字母 'p'、'y'、'g' 筆畫向下突破基線（Baseline）延伸出去的筆畫稱為：,Descender（下延線/下伸筆畫）,Ascender（上伸筆畫）,Serif（襯線）,Counter（字碗負空間）,A,"向下延伸超出 Baseline 的筆畫稱為 Descender；向上超越 X-height 達到大寫高度的稱為 Ascender（如 b, d, h）。"
VD_DES_020,設計概念,排版與字體學,中級,150,single_choice,版面排版時若出現「孤行（Orphan）」或「寡字（Widow）」，通常指的是何種排版瑕疵？,段落最後一行只有一個單詞被擠到次頁頂部，或段落首行孤獨留在上一頁底部,字體缺少特定標點符號而出現方框缺字,文字與圖片重疊導致對比度不足,左右對齊時字母拉伸變形,A,Widow（寡行）指段落末端短行掉到下一頁頂端；Orphan（孤行）指段落第一行單獨留在頁面底部。兩者破壞閱讀節奏，專業排版應盡力消除。
VD_DES_021,設計概念,排版與字體學,初級,100,single_choice,中文排版中的「避頭尾點號規則（禁則處理）」，下列哪一項符號通常「絕對不能」出現在一行的開頭（行首）？,逗號、句號、問號、右括號,破折號前段,單引號左邊「,全形括號左邊（,A,逗號、句號、頓號、分號、結尾括號等屬於結束符號，若排在行首會造成閱讀停頓混亂，故依禁則必須避頭。
VD_DES_022,設計概念,排版與字體學,挑戰,200,single_choice,字型設計中封閉或半封閉的內部負空間（例如字母 'o'、'e'、'b' 內部留白區域），在專業字體學術語中稱作：,Counter（字碗/字谷/內空間）,Stem（字幹）,Aperture（字孔開口）,Terminal（字尾端）,A,Counter（字谷/內白）是字母筆畫圍成之內部空間。Counter 的開闊度直接影響文字的通透感與遠距離易認度。
VD_DES_023,設計概念,排版與字體學,中級,150,single_choice,程式碼編輯器或打字機最常採用的「等寬字體（Monospaced Font）」，其最核心的幾何特徵為何？,每個字元（不論是寬幅的 'W' 或狹窄的 'i'）佔據完全相同的水平字元寬度,所有筆畫完全沒有傾斜角度,所有筆畫粗細完全相同且垂直對稱,行高與字寬呈黃金比例,A,"等寬字體（Monospaced，如 Courier, JetBrains Mono）所有字元寬度相同，易於垂直對齊程式碼縮排與表格。"
VD_DES_024,設計概念,排版與字體學,初級,100,speed_buzzer,在一份傳單或簡報海報中，為了維持整體的專業感與秩序，通常建議單一畫面使用的字型家族種類最好控制在多少種以內？,2 至 3 種以內,5 至 8 種,至少 10 種以上以展現創意,完全不能使用超過 1 種字重,A,字型種類過多會造成視覺喧鬧雜亂。一般建議主標題與內文選用 2~3 種和諧字型，透過不同字重（Weight）建立層次即可。
VD_DES_025,設計概念,排版與字體學,中級,150,single_choice,在多行內文排版中，「齊左（Flush Left / Ragged Right）」排版的右側會呈現自然參差不齊的邊緣，其最大優點為何？,保持自然的字間距離，避免兩端對齊（Justified）在窄欄時產生不自然的「河流現象（Rivers of White）」,節省紙張印刷成本,能自動隱藏錯別字,使標題與內文自動合流,A,齊左排版字元間距恆定均勻；兩端對齊若無良好斷字微調，容易在內文中產生上下連貫的空白裂縫（River現象）。
VD_DES_026,設計概念,排版與字體學,挑戰,200,single_choice,現代可變字型（Variable Fonts，如 OpenType Font Variations）相較於傳統靜態字型檔的最大技術優勢為何？,只需單一字型檔案，即可在連續軸線上自由自訂字重（Weight）、字寬（Width）、傾斜（Slant）等任意數值,自動將向量字轉成位圖以降低 CPU 負載,保證在任何解析度下都不會產生邊緣抗鋸齒,不需要瀏覽器支援即可顯示,A,可變字型將整個字族整合成單一輕量檔案，能無段平滑調整字重寬度軸，極大降低 Web 字體載入體積並提升設計自由度。
VD_DES_027,設計概念,排版與字體學,初級,100,single_choice,下列哪種字體風格源自中世紀手抄本，筆畫銳利粗黑、帶有濃厚宗教古典與歌德次文化氣息？,Blackletter（黑體字/哥德手抄體）,Geometric Sans（幾何無襯線體）,Humanist Serif（人文主義襯線體）,Modern Slab（現代方襯線體）,A,Blackletter（又稱 Old English 或 Textura）是古騰堡活字印刷術最早採用的手抄體複刻，特徵為厚重垂直線條與銳利角折。
VD_DES_028,設計概念,視覺層次與動線,初級,100,single_choice,平面設計中常利用「視覺動線」引導讀者目光，對於從左至右閱讀的文化背景，在非純文字的宣傳單頁上，最經典的動線模式是：,Z 字型動線（Z-pattern）,逆時針圓形旋轉動線,垂直由底向上動線,隨機跳躍動線,A,在視覺主導的頁面（如廣告橫幅、宣傳單），視線通常從左上開始，掃描至右上，折回左下，最後結束於右下的行動呼籲（CTA），形成 Z 字型。
VD_DES_029,設計概念,視覺層次與動線,中級,150,single_choice,在文字密集的網頁與部落格文章中，眼動儀研究（Nielsen Norman Group）顯示使用者閱讀內容時最常見的眼球軌跡是：,F 字型動線（F-pattern）,W 字型動線,菱形擴散動線,完美網格動線,A,F 字型動線代表讀者首先橫向瀏覽頂部，接著沿著左側下移再做短暫水平瀏覽，最後沿左側快速向下掃描，呈現 F 形狀。
VD_DES_030,設計概念,視覺層次與動線,初級,100,speed_buzzer,在海報設計中建立「視覺層次（Visual Hierarchy）」的最主要目的為何？,引導觀者按重要性依序接收訊息，確保最核心的焦點最先被理解,讓畫面上每個元素的大小與顏色完全一致,填滿所有空白區域以展現內容豐富度,確保畫面不出現任何對比度,A,視覺層次透過尺寸、色彩、明度、位置等差異，明確區分主次訊息，讓大腦能高效循序吸收內容。
VD_DES_031,設計概念,視覺層次與動線,中級,150,single_choice,古騰堡圖表（Gutenberg Diagram）描述了版面中閱讀重力由上而下的傾向，其中右下角（Terminal Area）在功能上通常最適合放置：,"主要行動呼籲按鈕（Call to Action, CTA）或總結標誌",最不重要的法律微縮宣告,最引人注目的主標題,首頁導覽麵包屑導航,A,古騰堡圖表中，右下角為「終點落腳區（Terminal Area）」，讀者視線在遵循閱讀重力向下後停留在該處，是放置轉換按鈕或簽名結論的最佳位置。
VD_DES_032,設計概念,視覺層次與動線,挑戰,200,single_choice,若海報主視覺中有一名人物正面側望右方，根據視線引導理論（Gaze Cueing），觀賞者的視線最容易：,順著該人物的眼光方向，自然轉向畫面右側的文字或產品,完全忽略右方，轉而注視人物背後,立即閉上眼睛停止閱讀,自動把視線集中在正中央的空白處,A,人類具備強烈的「目光追隨本能（Gaze Cueing）」，畫面人物望向的方向會成為強烈的隱性視覺引導箭頭。
VD_DES_033,設計概念,視覺層次與動線,中級,150,single_choice,在電影海報或封面設計中，建立強烈視覺焦點（Focal Point）最迅速有效的手法是：,利用比例懸殊的「尺寸對比」或「色調突兀的補色光斑」創造異常刺激,把所有文字換成相同字級與粗細,降低整個畫面的飽和度與對比度,在四個角落放置相同權重的裝飾線,A,利用尺寸落差（巨大主體 vs 微小背景）或色彩對比（黑白環境中的單點鮮紅），能打破視覺平衡製造第一視覺落腳點。
VD_DES_034,設計概念,視覺層次與動線,初級,100,single_choice,排版中的「對比原則（Contrast）」最核心的指導方針為何？,如果兩個元素不相同，就讓它們的差異大到一眼可見，切忌微小模糊的差異,所有顏色必須使用黑白灰三色,相鄰的元素必須尺寸完全相等,盡可能減少字體大小的層級,A,Robin Williams《寫給大家看的設計書》指出：對比必須大膽鮮明；若差異太微弱，只會讓版面顯得像是排版疏失而非刻意安排。
VD_DES_035,設計概念,視覺層次與動線,中級,150,single_choice,在多欄報章雜誌編排中，如果希望建立強烈橫向張力並打破單調垂直閱讀流，設計師常採用：,跨欄標題（Cross-column Header）或跨頁滿版大圖,完全不設任何段落空白,讓每欄文字寬度隨機縮放,把所有內文都設為直書橫排交錯,A,跨越欄位的超寬主標題或橫跨版面的圖片，能阻斷垂直慣性，建立水平視覺節奏與張力。
VD_DES_036,設計概念,視覺層次與動線,挑戰,200,single_choice,在網頁設計中，視差滾動（Parallax Scrolling）之所以能創造引人入勝的層次深度，其原理是：,前景元素與背景元素以不同速度移動，模擬人眼在現實世界中的運動視差（Motion Parallax）,利用快速閃爍的 CSS 動畫刺激視網膜,把螢幕解析度強制放大兩倍,利用隨機演算法重新排列文字段落,A,運動視差是人類立體知覺重要線索：較近物件移動速度感知較快，遠景較慢。視差滾動透過多層速率差創造虛擬 3D 空間感。
VD_DES_037,設計概念,視覺層次與動線,初級,100,speed_buzzer,當一張宣傳單中的標題、副標題、內文、標價與註釋全部使用「相同大小的 14pt 黑色字體」，會造成什麼致命缺點？,缺乏視覺層次，資訊一團混亂，讀者無法快速抓住核心訴求,列印成本暴增十倍,螢幕無法顯示字體,檔案容量暴增,A,沒有字級與色彩權重區隔的齊頭式排版，無法建立視覺引導層級，大幅增加認知負擔。
VD_DES_038,設計概念,格線系統與版面比例,初級,100,single_choice,在攝影與平面構圖中最普及的「三分法則（Rule of Thirds）」，是將畫面橫豎各分成幾等分？,水平與垂直各切兩條線，分成九個大小相等的矩形,垂直切成三欄，水平不分割,對角線切成四個三角形,分成十六個微小宮格,A,三分法則用兩條橫線與兩條豎線將版面九等分，四個交叉點是人眼最自然注視的視覺熱點，也是放置主角的最佳錨點。
VD_DES_039,設計概念,格線系統與版面比例,初級,100,single_choice,自古希臘以來被公認為自然界與藝術中最具和諧美感的「黃金分割比例（Golden Ratio）」，其近似數值為何？,1 : 1.618,1 : 1.414,1 : 2.5,1 : 3.1415,A,黃金比例 φ（Phi）約為 1.6180339887...，廣泛存在於鸚鵡螺外殼、向日葵花盤、人體比例與文藝復興名畫中。
VD_DES_040,設計概念,格線系統與版面比例,中級,150,single_choice,現代響應式網頁設計（Responsive Web Design）最常採用的柵格系統通常包含多少欄位（Columns）？,12 欄（12-Column Grid）,7 欄,11 欄,5 欄,A,"12 欄系統因具備極高的整除彈性（可整除為 1, 2, 3, 4, 6 欄寬度），成為 Bootstrap 等主流前端與 UI 設計工具的業界標準。"
VD_DES_041,設計概念,格線系統與版面比例,中級,150,single_choice,格線系統（Grid System）結構中，欄與欄之間的空白間距，在專業排版術語中稱為：,Gutter（欄間距/欄槽）,Margin（邊界）,Baseline（基線）,Bleed（出血）,A,欄位本身的寬度稱為 Column，兩欄相鄰間的間隔空白稱為 Gutter（欄間距）。
VD_DES_042,設計概念,格線系統與版面比例,挑戰,200,single_choice,20 世紀中葉由約瑟夫·穆勒-布羅克曼（Josef Müller-Brockmann）等人推廣，強調嚴謹數學比例、客觀無飾無襯線字與秩序感的設計學派為：,瑞士風格國際主義平面設計風格（Swiss Style / International Typographic Style）,超現實主義（Surrealism）,達達主義（Dadaism）,普普藝術（Pop Art）,A,瑞士風格（Swiss Style）奠定了現代格線系統的理論基石，主張設計應追求客觀、清晰、理性與純粹的功能結構。
VD_DES_043,設計概念,格線系統與版面比例,初級,100,speed_buzzer,國際標準紙張尺寸（如 A4、A3、B4）遵循 ISO 216 規範，其長寬比皆固定為多少比例，使得對折後長寬比依然完全不變？,1 : √2（約 1 : 1.414）,1 : 1.618（黃金比例）,1 : 1.333（4:3）,1 : 1.777（16:9）,A,ISO 白銀比例 1 : √2 具備優異幾何特性：對半裁切後長寬比仍維持 1 : √2，非常便於縮放印刷與紙張開數裁切而不浪費耗材。
VD_DES_044,設計概念,格線系統與版面比例,中級,150,single_choice,版面設計中橫貫多個欄位與水平模組的基線對齊網格（Baseline Grid），主要用於確保：,相鄰不同欄位的文字行能夠完美水平對齊在同一條水平線上,圖片只能以黑白列印,所有標題都必須位於版面幾何中心,頁面裝訂邊自動留出 5 公分,A,基線格線（Baseline Grid）如同一條條隱形的橫行譜線，讓不同文字框在同一跨頁中維持嚴謹的水平對齊節奏。
VD_DES_045,設計概念,格線系統與版面比例,挑戰,200,single_choice,在書籍裝訂與版面比例中，歷史悠久的「維拉爾德正則法（Villard de Honnecourt Diagram）」是透過何種方式找出和諧的版心與邊界？,利用對角線分割幾何作圖法，將版心面積與內外天地邊界自動導出 2:3:4:6 等古典比例,量測黃金矩形對角線長度隨機裁切,將頁面圓形展開,純粹依據印刷師傅的拇指寬度決定,A,中世紀維拉爾德九分幾何法則利用雙跨頁對角線交點，無需度量衡即可劃出神聖典雅、版心符合黃金律比例的書籍版面。
VD_DES_046,設計概念,格線系統與版面比例,初級,100,single_choice,在排版軟體中設定版面外圍邊界（Margins），通常「天（頂邊）」與「地（底邊）」的留白傳統慣例為何？,通常地（底部邊距）會略大於天（頂部邊距），符合人類視覺心理重力平衡,頂部邊距必須是底部的五倍,左右邊距必須完全為零,上下左右必須絕對相等等寬，否則無法印刷,A,人類視覺感知受到重力心理影響，若上下邊距完全相等，版心看起來會下墜；因此傳統典雅書籍往往底部邊距最寬。
VD_DES_047,設計概念,格線系統與版面比例,中級,150,single_choice,在數位 UI 設計中，採用「8 點網格系統（8-Point Grid System）」作為間距與尺寸倍數標準的主要原因是：,"8 容易被 2 與 4 整除，且在多數現代螢幕倍率（@1x, @2x, @3x）縮放下極少產生小數點與模糊半像素（Sub-pixel）",8 在華人文化代表發財象徵,螢幕的更新率都是 8 的倍數,字體大小規定必須由 8pt 起跳,A,8pt 網格系統數學特性極佳，能在跨裝置 @1x、@2x、@3x、@4x 渲染中保持清晰乾淨的像素邊緣對齊。
VD_DES_048,設計概念,留白與平衡構圖,初級,100,single_choice,設計專業中常稱的「負空間（Negative Space）」或「留白（White Space）」，最核心的功能是什麼？,給予視覺元素呼吸空間、降低認知負荷並突顯正形主體,單純是設計師沒時間畫完而留下的空白,為了節省印表機黑色墨水消耗,只能使用純白色，絕對不能填入任何背景色或紋理,A,留白（負空間）並非空無一物，而是具有積極主動構圖功能的設計元素，負責賦予版面節奏、焦點與呼吸感。
VD_DES_049,設計概念,留白與平衡構圖,中級,150,single_choice,視覺構圖中的「不對稱平衡（Asymmetrical Balance / 動態平衡）」與「對稱平衡」相比，其特點為何？,左右兩側造型完全不同，但透過色彩重量、面積大小或位置槓桿原理達成心理上的重量平衡，更富動感,畫面呈現完全失衡、隨時要傾倒的混亂感,一定要把所有物件集中在右下角,缺乏任何主體焦點,A,不對稱平衡利用「小面積高飽和度色彩」與「大面積淡色」抗衡，或槓桿原理形成充滿生機與張力的動態平衡。
VD_DES_050,設計概念,留白與平衡構圖,初級,100,speed_buzzer,世界知名的聯邦快遞（FedEx）商標中，字母 'E' 與 'x' 之間的負空間巧妙形成了一個什麼圖案？,右向箭頭（象徵前進、速度與精準）,飛機輪廓,包裹箱子,時鐘指標,A,FedEx 標誌利用 E 與 x 之間的負空間精準構成一個向右前進的箭頭，是圖形設計史上的正負形留白經典範例。
VD_DES_051,設計概念,留白與平衡構圖,中級,150,single_choice,若一張宣傳海報四邊塞滿了文字與各種促銷小圖示，完全沒有留白，觀看者通常會產生何種心理反應？,視覺壓迫疲勞、資訊過載、難以辨識核心焦點甚至直接放棄閱讀,感到物超所值，認真讀完每一個字,視覺動線會自動加速十倍,文字辨識度會大幅提高,A,版面充塞過度會形成視覺噪音，引發認知過載與逃避心理，適度留白是高品質設計的必備要素。
VD_DES_052,設計概念,留白與平衡構圖,挑戰,200,single_choice,日本美學中的「間（Ma）」與西方現代主義的「Less is More（少即是多）」，在視覺設計留白哲學上的共通點是：,肯定「未填滿的虛空」本身具有深刻意義與精神能量，引發觀者的主動想像與共鳴,兩者都嚴格禁止在版面中使用任何文字,要求所有平面設計必須完全無彩度,只適用於室內建築，無法應用於平面排版,A,「間」與「少即是多」強調減法美學，透過刻意克制的留白空間，將視覺與情感焦點高度濃縮提煉。
VD_DES_053,設計概念,留白與平衡構圖,初級,100,single_choice,在構圖理論中，一個深色、體積龐大且紋理複雜的物體，與一個淺色平滑的小物體相比，其「視覺重量（Visual Weight）」通常：,深色大物體視覺重量顯著較重，吸引較多注意力,兩者視覺重量完全相同,淺色小物體在任何情況下重量都比較重,視覺重量取決於列印紙張的物理重量,A,深色、高對比、大尺寸、複雜紋理在視覺心理上具有較高的引力與重量感，會先抓住目光。
VD_DES_054,設計概念,留白與平衡構圖,中級,150,single_choice,在方形版面中，若將單一極簡小物件放置在版面的幾何正中心，通常會給觀看者帶來何種心理感受？,穩定、靜止、莊嚴，但若處理不慎容易顯得呆板停滯,極度強烈的不安與混亂感,充滿強烈的快速運動感,具有強烈的三維深度感,A,中心對稱構圖具有最高穩定度與神聖嚴謹感，但若缺乏周邊微動態呼應，容易缺乏生氣。
VD_DES_055,設計概念,留白與平衡構圖,中級,150,single_choice,所謂「對角線構圖（Diagonal Composition）」最容易為畫面注入哪種視覺感受？,動感、張力、速度感與不穩定活力,絕對的靜止與安詳感,如同古希臘神廟般的對稱莊嚴,完全封閉沉悶的空間感,A,傾斜對角線打破了垂直與水平的靜態平衡，創造引力傾倒與運動傾向，極富動態戲劇張力。
VD_DES_056,設計概念,留白與平衡構圖,挑戰,200,single_choice,在高級精品品牌（如 Apple、Chanel）的廣告版面中，經常見到極大面積的留白僅搭配微小產品與一句極簡文字，其商業策略主要是傳達：,奢華高雅、專注自信、無喧擾的純粹品質感,公司預算不足買不起大型廣告位,產品缺少功能所以無話可說,印刷廠墨水不足的無奈妥協,A,留白在消費心理學中象徵「空間的餘裕」與自信，是頂級奢華美學與尊貴質感的強大象徵符號。
VD_DES_057,設計概念,留白與平衡構圖,初級,100,single_choice,在排版微觀留白（Micro White Space）中，文字與按鈕外框邊緣之間的內距（Padding），主要功能是：,防止文字撞到外框邊緣，讓內容易於辨識且具備舒適的點擊視覺界線,使按鈕永遠無法被滑鼠點擊,將文字壓縮成一條線,消除所有背景顏色,A,Padding（內邊距）屬於微觀留白，避免文字與外框邊界產生擁擠壓迫，是 UI 精緻度的關鍵細節。
VD_DES_058,設計概念,無障礙設計與易讀性,初級,100,single_choice,根據國際無障礙網頁指引（WCAG 2.1）AA 級規範，一般內文文字與背景色彩之間的對比度（Contrast Ratio）至少必須達到：,4.5 : 1 以上,1.5 : 1 以上,10 : 1 以上,只要看得見即可無數值限制,A,WCAG 2.1 AA 級標準要求一般內文最小色彩對比度需達 4.5:1，大字號（18pt以上或14pt粗體）則至少需達 3:1。
VD_DES_059,設計概念,無障礙設計與易讀性,初級,100,speed_buzzer,在設計警示標誌或表單錯誤提示時，若「只依賴紅色文字」而沒有搭配任何警告圖示（如 ⚠）或文字說明，對哪一類族群會造成嚴重的辨識障礙？,紅綠色盲或色弱（Color Blindness）使用者,聽覺障礙族群,肢體運動障礙族群,高齡老花眼族群,A,全球約有 8% 男性患有紅綠色弱。無障礙設計最高準則之一即為「不可單純以色彩作為傳遞資訊的唯一媒介」。
VD_DES_060,設計概念,無障礙設計與易讀性,中級,150,single_choice,在平面設計中，「易認性（Legibility）」與「易讀性（Readability）」的專業定義差異為何？,Legibility 強調單一字元/字母能否被準確辨識；Readability 強調大段文章排列時整體閱讀的流暢舒適度,Legibility 專指色彩，Readability 專指圖片,Legibility 指數位字型，Readability 指印刷鉛字,兩者是完全同義詞無任何學術區別,A,Legibility 著重字型筆畫骨架是否清晰可辨（如 I 與 l、0 與 O）；Readability 著重字距行距欄寬排版帶來的總體閱讀享受。
VD_DES_061,設計概念,無障礙設計與易讀性,中級,150,single_choice,長時間閱讀長篇內文時，中文字一行最舒適的字數寬度（欄寬度 / Measure）建議控制在多少字以內？,約 30 到 45 個中文字（英文約 45 ~ 75 個字母）,每行至少 120 字以上以省紙,每行只能 5 個字,越寬越好，最好佔滿整個 4K 螢幕,A,欄寬過寬會導致讀者換行時視線迷路；欄寬過窄會使視線頻繁折返造成疲勞。中文長文一行約 30~45 字最適中。
VD_DES_062,設計概念,無障礙設計與易讀性,中級,150,single_choice,針對弱視或認知障礙者設計介面時，下列何種字體排印習慣「最應避免」？,將整段上百字的內文全部設定為大寫（ALL CAPS）或極細字體（Ultra Light）,使用清晰的高對比黑體字,在關鍵標題加粗強調,段落之間維持適當行距與留白,A,全大寫會抹除單字高低起伏的詞形輪廓（Bouma），極細字體在低光或低視力下會斷裂消失，大幅增加閱讀難度。
VD_DES_063,設計概念,無障礙設計與易讀性,挑戰,200,single_choice,在無障礙網頁設計中，為圖片標籤撰寫「替代文字（Alt text）」的最核心原則為何？,準確傳達圖片在該上下文中所承載的功能或實質資訊，而非冗贅描寫無意義的裝飾細節,一律將圖片檔名完整照抄貼上,把整張海報的所有文字一字不漏抄寫五千字,空下不填讓螢幕閱讀器自行跳過,A,Alt text 旨在讓視障使用者的螢幕報讀軟體能精準理解圖片的用意與關鍵資訊，裝飾性圖片甚至應設為空字串以防干擾。
VD_DES_064,設計概念,無障礙設計與易讀性,初級,100,single_choice,若在亮綠色的背景上放置亮紅色的文字，即所謂「色彩振動現象（Color Vibration）」，會對眼睛造成什麼生理影響？,互補色飽和邊界會在視網膜上產生閃爍霓虹錯覺，引發極度視覺刺眼與閱讀疲勞,閱讀速度自動提升兩倍,文字產生立體浮雕效果且非常舒服,完全沒有任何影響,A,高飽和度強烈互補色邊界並置時，眼睛視錐細胞會在邊緣過度神經衝動，產生難以聚焦的邊界光暈與振動不適感。
VD_DES_065,設計概念,無障礙設計與易讀性,挑戰,200,single_choice,在公共指標系統（如機場、醫院路標）設計中，字型之所以常選用 Frutiger、Wayfinding 或 Clearview 等字體，是因為它們具備：,大字孔（Large Apertures）、高 x 字高、清晰筆畫特徵，在微光、遠距或視力模糊下仍不易混淆,極度複雜的古典雕花裝飾,完全沒有空白的超粗筆畫,能自動發出反光螢光墨,A,導引指示專用字體具備開闊的字孔（Aperture）與高辨識度，能防止在眩光或夜間車燈照射下字母筆畫黏糊成一團。
VD_DES_066,設計概念,無障礙設計與易讀性,中級,150,single_choice,在數位 UI 互動設計中，為了確保運動協調能力障礙者或粗大手隻手指能順暢點擊，按鈕最小建議觸控範圍（Touch Target）通常為：,至少 44 x 44 像素（Apple HIG）或 48 x 48 dp（Google Material Design）,10 x 10 像素,80 x 80 公分,不限大小，1 像素即可點擊,A,Apple HIG 建議最小觸控目標 44x44pt，Google 建議 48x48dp，以確保手指在觸控螢幕上不會誤觸或難以點中。
VD_DES_067,設計概念,無障礙設計與易讀性,挑戰,200,speed_buzzer,在設計暗色模式（Dark Mode）時，專業設計師通常「不會」直接在純黑背景（#000000）上使用純白文字（#FFFFFF），主要原因是：,極高反差（21:1）在暗處會造成強烈的重影光暈（Halation Effect）與眼球散光眩目感,純黑背景無法在 OLED 螢幕上省電,純白文字會導致電腦 CPU 溫度上升,CSS 不允許同時寫入 black 與 white,A,暗底純黑配純白會產生視覺光滲（Halation），特別是散光讀者會看見文字邊緣發散；專業深色模式通常使用深深灰（如 #121212）搭配米白/灰白。
VD_COL_001,色彩學,色彩三要素,初級,100,single_choice,色彩學中最基本的三個屬性，通常被稱作「色彩三要素」，指的是哪三者？,色相（Hue）、明度（Value/Brightness）、彩度（Chroma/Saturation）,紅（Red）、綠（Green）、藍（Blue）,青（Cyan）、洋紅（Magenta）、黃（Yellow）,色調（Tone）、溫度（Temperature）、重力（Weight）,A,色彩三要素為色相（顏色種類相貌）、明度（明暗深淺程度）、彩度（色彩純度與飽和鮮豔度）。
VD_COL_002,色彩學,色彩三要素,初級,100,single_choice,在色彩三要素中，用來區分「這是紅色、那是藍色或黃色」的根本性質，稱為色彩的：,色相（Hue）,明度（Value）,彩度（Saturation）,對比度（Contrast）,A,色相（Hue）代表可見光譜中不同波長所呈現的色彩相貌特徵，是給予顏色名稱（如紅、橙、黃、綠、藍、紫）的依據。
VD_COL_003,色彩學,色彩三要素,初級,100,speed_buzzer,若將某個鮮豔純色中加入「白色」，此時該顏色的三要素會發生什麼改變？,明度提高，彩度降低,明度降低，彩度提高,明度提高，彩度提高,明度與彩度完全不變,A,加白會使反射光總量增加因此明度上升；但因為純色被稀釋，色彩純度下降，故彩度（飽和度）降低。
VD_COL_004,色彩學,色彩三要素,中級,150,single_choice,在色彩學中，完全沒有彩度、只有明度變化的顏色（如黑、白、灰色系列），在術語上稱作：,無彩色（Achromatic Color）,有彩色（Chromatic Color）,原色（Primary Color）,光譜色（Spectral Color）,A,黑、灰、白不具有特定可辨識色相，彩度為零，色彩學上統稱為「無彩色（Achromatic）」。
VD_COL_005,色彩學,色彩三要素,中級,150,single_choice,純光譜色中，在正常日光照明下，人類肉眼主觀感受「自體明度最高」與「自體明度最低」的純色相分別是：,最高為黃色（Yellow），最低為紫色（Violet/Purple）,最高為紅色，最低為綠色,最高為青色，最低為橙色,最高為純黑，最低為純白,A,在純色相環中，黃色光波長接近人眼視錐細胞最敏感區間，本體明度最高；紫色波長最短偏暗，本體明度最低。
VD_COL_006,色彩學,色彩三要素,中級,150,single_choice,若在某個純紅色中加入「黑色」，此時該顏色的屬性變化為：,明度降低，彩度降低，形成暗濁調（Shade）,明度提高，彩度降低,明度降低，彩度提高,色相直接轉變為綠色,A,加黑會吸收更多光線使明度下降，同時也稀釋了純色光譜純度使彩度下降，形成較深暗沉的色調（Shade）。
VD_COL_007,色彩學,色彩三要素,挑戰,200,single_choice,在色彩學術語中，「Tint（淡色調）」、「Shade（暗色調）」與「Tone（濁色調）」的嚴謹定義分別是純色加入：,Tint 加白、Shade 加黑、Tone 加灰,Tint 加黑、Shade 加白、Tone 加黃,Tint 加灰、Shade 加白、Tone 加黑,Tint 加水、Shade 加墨、Tone 加膠,A,Tint（明清色）= 純色 + 白；Shade（暗清色）= 純色 + 黑；Tone（濁色/中間色）= 純色 + 灰色。
VD_COL_008,色彩學,色彩三要素,初級,100,single_choice,色彩的「彩度（Chroma / Saturation）」又常被稱作純度或飽和度，其物理上代表的是：,光波波長的單一純淨程度（單色光所佔比例）,光波的總震幅能量大小,發光體發射光子的總頻率,物體的表面物理粗糙程度,A,彩度指色彩的純淨飽和程度。光線中若單一波長佔比越高，色彩越鮮豔純粹；混入其他波長或雜光越多，彩度越低。
VD_COL_009,色彩學,色彩三要素,中級,150,single_choice,在黑白影印機或將畫面完全轉為灰階時，不同色相之間之所以仍能區分輪廓，完全依賴於色彩的哪一個要素？,明度（Value）,色相（Hue）,彩度（Saturation）,色溫（Temperature）,A,灰階化後所有色彩的色相與彩度資訊皆被抹除，只剩下明暗階調（明度/Value）能提供視覺輪廓與層次對比。
VD_COL_010,色彩學,色彩三要素,挑戰,200,single_choice,「明度對比（Value Contrast）」在視覺傳達中被公認比色相對比更具決定性，其神經生理學原因是：,人眼中負責感應明暗的視桿細胞（Rods）數量遠多於感應色彩的視錐細胞（Cones），且明暗對比是空間立體感的核心線索,人類大腦枕葉只處理明度訊號，色彩訊號由顳葉處理,所有人的視網膜都缺乏辨識綠色的細胞,彩色印刷技術誕生晚於黑白印刷五百年,A,人眼有上億個感測明暗的視桿細胞，對邊界反差極度敏銳，明度階調是界定形狀、深度與可讀性的核心要素。
VD_COL_011,色彩學,色彩三要素,初級,100,speed_buzzer,如果在色彩選擇器（Color Picker）中，將飽和度拉到 0%，此時無論色相滑桿停留在哪一個角度，呈現出的顏色都會是：,黑、白或特定深淺的灰色（無彩色）,純紅色,完全透明無色,螢光綠色,A,飽和度（Saturation）為 0 時代表完全缺乏純色色素，色彩退化為僅由明度決定的無彩色灰階。
VD_COL_012,色彩學,色彩三要素,中級,150,single_choice,在專業色彩管理中，色彩立體模型（Color Solid）通常將「明度」與「彩度」分別繪製在什麼軸向上？,明度為縱向垂直中心軸（由黑至白），彩度為由中心軸向外水平輻射展開的距離,明度為水平圓周角度，彩度為縱向垂直高度,兩者皆沿著三維球體的赤道排列,彩度為垂直軸，明度為圓心角,A,"所有經典色立體（如 Munsell, Ostwald）皆以中央垂直線代表黑白明度軸，水平離軸半徑距離代表彩度強弱。"
VD_COL_013,色彩學,色彩模型,初級,100,single_choice,電腦螢幕、手機面板與投影機發光顯色所依據的色彩模型是：,RGB（紅 Red、綠 Green、藍 Blue）加法混色模式,CMYK（青、洋紅、黃、黑）減法混色模式,RYB（紅、黃、藍）傳統繪畫模式,Pantone 專色模式,A,"發光自體顯示設備使用 RGB 色光加法混色，三色光以最高強度等量疊加時會產生純白光（255, 255, 255）。"
VD_COL_014,色彩學,色彩模型,初級,100,single_choice,彩色印刷機、噴墨印表機與四色印刷所依據的標準印刷色彩模式是：,CMYK（Cyan 青、Magenta 洋紅、Yellow 黃、Key/Black 黑）,RGB（紅、綠、藍）,HSB（色相、飽和度、明度）,Grayscale（灰階模式）,A,印刷品藉由色料吸收反射自然光，遵循減法混色，標準四色即為 CMYK。
VD_COL_015,色彩學,色彩模型,初級,100,speed_buzzer,在 CMYK 印刷色彩模型中，代號「K」代表黑色，其英文「Key」在傳統印刷技術中的原意是：,Key Plate（定位關鍵版/主輪廓黑版）,King Color（色彩之王）,Krypton（氪氣化學色）,Knowledge（科技色）,A,Key 代表「Key Plate（關鍵主版）」，傳統印刷先用承載線條輪廓與陰影的黑版作為對位校正的基準基底。
VD_COL_016,色彩學,色彩模型,中級,150,single_choice,"設計師在 Photoshop 中設計 RGB 鮮豔螢光綠（如 RGB 0, 255, 0），轉為 CMYK 準備印刷時顏色瞬間變得暗淡濁綠，其根本原因是：",CMYK 印刷色域（Color Gamut）遠小於 RGB 色光色域，螢光綠超出可印色域（Out of Gamut）,印表機驅動程式損壞,螢幕解析度不足,電腦顯示卡運算錯誤,A,RGB 色域大於 CMYK。CMYK 色料受限於油墨物理純度，無法再現 RGB 高飽和色光的鮮亮色調，轉檔時會被色域對應（Gamut Mapping）壓縮。
VD_COL_017,色彩學,色彩模型,中級,150,single_choice,"在 UI 設計工具（如 Figma, Sketch）中常用的「HSB（或稱 HSV）」色彩模式，三個參數分別代表：",Hue（色相角度 0-360°）、Saturation（飽和度 0-100%）、Brightness（明度 0-100%）,High、Sharp、Bright,Hue、Screen、Blend,Heat、Shadow、Base,A,HSB 模型將色彩以人類直覺思考組織：H 為色相環角度（0°為紅），S 為彩度百分比，B 為亮度百分比，非常符合設計選色思維。
VD_COL_018,色彩學,色彩模型,挑戰,200,single_choice,CIE L*a*b* 色彩空間被稱為「獨立於設備的色彩模型（Device-Independent Color Space）」，其 'L*'、'a*'、'b*' 各代表什麼？,L* 為明度（0-100），a* 軸從綠色（負）到洋紅（正），b* 軸從藍色（負）到黃色（正）,L 代表長度，a 代表視角，b 代表焦距,L 為紅色光，a 為綠色光，b 為藍色光,L 代表色料黏度，a 與 b 代表墨層厚度,A,CIE Lab 是依據人眼視覺生理對立色理論建立的絕對色彩空間，涵蓋人眼所能見的全部色域，是跨設備色彩轉換的中繼標準。
VD_COL_019,色彩學,色彩模型,中級,150,single_choice,在網頁 CSS 程式碼中，十六進位色碼「#FF0000」與「#00FF00」分別代表哪兩種純色？,#FF0000 為純紅色（Red），#00FF00 為純綠色（Green）,#FF0000 為純藍色，#00FF00 為純黑色,#FF0000 為純白色，#00FF00 為純黃色,#FF0000 為深灰色，#00FF00 為淺藍色,A,Hex 色碼前兩碼代表紅（R=FF=255）、中兩碼代表綠（G=00=0）、後兩碼代表藍（B=00=0），故 #FF0000 為滿格純紅。
VD_COL_020,色彩學,色彩模型,挑戰,200,single_choice,在廣色域螢幕普及的現代，「DCI-P3」色域與傳統網頁通用的「sRGB」色域相比，其色彩表現力為何？,DCI-P3 覆蓋色域比 sRGB 多出約 25%，特別在綠色與紅色區域具備更高鮮豔飽和度,DCI-P3 只能顯示黑白灰三色,DCI-P3 色域比 sRGB 小一半以利網路傳輸,兩者色彩空間完全一模一樣，只是名稱不同,A,DCI-P3 原為數位電影投影標準，現已成為 iPhone、Mac 等現代螢幕標準，能在紅色與綠色系呈現比傳統 sRGB 更豐富鮮豔的階調。
VD_COL_021,色彩學,色彩模型,初級,100,speed_buzzer,"在 RGB 色光模式下，當 R、G、B 三個數值皆設定為最大值 255（即 rgb(255, 255, 255)）時，混合出來的顏色是：",純白色（White）,純黑色（Black）,深灰色,黃色,A,RGB 為色光加法混色，三原色光全開疊加會產生最亮的純白光。
VD_COL_022,色彩學,色彩模型,中級,150,single_choice,在印刷中，若需要印製比 CMYK 四色演色表更純淨鮮艷的特亮橙色或金屬金色，印刷廠必須採用何種機制？,特別色（Spot Color，如 Pantone 專色油墨預調印刷）,提高 CMYK 油墨濃度到 500%,在 RGB 模式下直接出噴墨版,在紙張背面印黑色襯底,A,特別色（專色/Spot Color）由特定配方油墨預先調製完成，單獨佔用一個印刷版，能精準呈現四色疊印印不出的高彩度、金銀色或螢光色。
VD_COL_023,色彩學,色彩模型,挑戰,200,single_choice,色彩管理系統（CMS）中的「色域對應演算方式（Rendering Intents）」中，「感色性（Perceptual / 感知渲染）」的主要特徵是：,等比例壓縮所有色彩（包含未超出色域的顏色），以維持畫面整體視覺色調關係的視覺自然感,只裁切超出色域的顏色，其餘顏色絕對不動,把所有顏色強制對齊到純白點,將彩色直接轉換為黑白反差,A,Perceptual（感知渲染）會等比例縮放整個色彩空間，保持顏色之間的相對階調與層次關係，極適合照片與複雜圖像轉檔。
VD_COL_024,色彩學,色彩模型,初級,100,single_choice,"當 RGB 三個通道數值完全相等（如 R=128, G=128, B=128）時，呈現出的視覺色彩必定是：",中度灰色（無彩色）,淡紅色,青色,純紫色,A,RGB 三原色光能量等量平衡時，色光互相中和，呈現無彩色中性灰（數值越小越暗，越大越亮）。
VD_COL_025,色彩學,色相環與色彩體系,初級,100,single_choice,現代美術與設計教育中最廣泛使用的「伊登十二色相環（Johannes Itten Color Wheel）」，其三原色（Primary Colors）分別是：,紅、黃、藍,青、洋紅、黃,紅、綠、藍,黑、白、灰,A,包浩斯大師約翰·伊登（Itten）十二色相環以傳統顏料三原色：紅、黃、藍為基底展開建構。
VD_COL_026,色彩學,色相環與色彩體系,初級,100,speed_buzzer,在伊登十二色相環中，任取兩個原色以等量混合產生的顏色稱為「二次色（Secondary Colors）」，它們分別是：,橙、綠、紫,紅、黃、藍,黑、白、灰,金、銀、銅,A,紅+黃=橙，黃+藍=綠，藍+紅=紫。橙、綠、紫三色即為伊登體系之二次色（間色）。
VD_COL_027,色彩學,色相環與色彩體系,中級,150,single_choice,在國際工業界與色彩標準中具備崇高地位的「曼賽爾色彩體系（Munsell Color System）」，其色相代號「5R 4/14」中，'4' 與 '14' 分別代表：,明度為 4，彩度為 14,彩度為 4，明度為 14,色彩混合比例 4:14,網點百分比 4% 與 14%,A,曼賽爾色彩標示法公式為「H V/C（色相 明度/彩度）」，故 5R 4/14 代表 5R 色相、明度階為 4、彩度值為 14。
VD_COL_028,色彩學,色相環與色彩體系,中級,150,single_choice,日本色彩研究所開發的「PCCS 色彩體系（Practical Color Coordinate System）」，其最著名的架構特色是將色彩歸納為：,"「色調（Tone）」概念，將明度與彩度結合成直觀的感受群組（如 Vivid, Pale, Dark 等）",單一數值黑白維度,純數學立方體,RGB 二進位代碼,A,PCCS 首創「色調（Tone）」體系，將相近明度與彩度結合為 Vivid（鮮豔）、Light（淺淡）、Dull（濁）、Dark（暗）等風格感受，極便利於配色教學。
VD_COL_029,色彩學,色相環與色彩體系,挑戰,200,single_choice,瑞典斯堪地那維亞色彩機構提出的「NCS 自然色彩體系（Natural Color System）」，其理論基石建立於人眼的何種生理感知特性？,赫林（Ewald Hering）提出的四種有彩對立色（紅白/黑、黃藍、紅白/綠）生理心理對立學說,牛頓三稜鏡分光光學折射角度,視網膜桿狀細胞感光頻率,愛因斯坦光電效應量子論,A,NCS 體系依據人眼六大基礎純感覺：白、黑、黃、紅、藍、綠，完全從人類直覺感知而非儀器物理性來定量色彩。
VD_COL_030,色彩學,色相環與色彩體系,初級,100,single_choice,在標準 360 度色相環上，夾角相距多少度的兩個顏色在色彩學上被定義為「互補色（Complementary Colors）」？,180 度（正對角線兩端）,90 度（正交角）,60 度（同側角）,45 度（斜對角）,A,位於色相環直徑兩端（相隔 180 度）的相對色彩即為互補色（如紅與綠、藍與橙、黃與紫）。
VD_COL_031,色彩學,色相環與色彩體系,中級,150,single_choice,在色相環上，彼此相鄰夾角在多少度範圍內的顏色，通常被稱為「類似色（Analogous Colors）」？,約 30 到 60 度以內,180 度,120 度,270 度,A,類似色（鄰近色）指色相環上緊鄰的色相（約相差 30°~60°，如黃、黃綠、綠），視覺和諧度高且不易衝突。
VD_COL_032,色彩學,色相環與色彩體系,中級,150,single_choice,為什麼曼賽爾色立體（Munsell Color Tree）的外觀不是一個對稱規則的球體，而是一個凹凸不平的不規則樹狀體？,因為不同色相所能達到的最高彩度不同（例如純紅彩度極高向外延伸長，藍綠色最高彩度相對較低）,因為曼賽爾手繪製作時比例失誤,為了在紙張上更易於折疊成骰子形狀,為了迎合太陽光照的傾斜角度,A,真實世界的色彩物理特徵中，不同色相在達到純色時的彩度上限與對應明度不同（如純黃在明度8最高，純紫在明度3），故立體樹形自然參差。
VD_COL_033,色彩學,色相環與色彩體系,挑戰,200,single_choice,奧斯華德色彩體系（Ostwald Color System）中，任何色彩皆由純色（C）、白色（W）、黑色（B）三者組成，其方程式必滿足：,C + W + B = 100（或 1）,C × W × B = 1000,C / (W + B) = 1.618,C + W = B²,A,德意志諾貝爾化學獎得主奧斯華德主張任何含色階調，其純色量 C、含白量 W、含黑量 B 總和恆等於 100%。
VD_COL_034,色彩學,色相環與色彩體系,初級,100,single_choice,在色相環上，將「一個主色與其互補色兩側的鄰近色」搭配組成的配色方案，在術語中稱作：,分裂互補色（Split-Complementary）,單色系（Monochromatic）,三等分配色（Triadic）,矩形配色（Tetradic）,A,分裂互補（如藍色搭配紅橙與黃橙）既保留了補色的高對比張力，又大幅減緩了純補色並置的劇烈刺眼衝突。
VD_COL_035,色彩學,色相環與色彩體系,中級,150,speed_buzzer,若在色相環上以一個正三角形（三點夾角各相隔 120 度）選取三個色彩（如紅、黃、藍），這種配色技巧稱為：,三等分配色（Triadic Color Scheme）,無彩色配色,互補色配色,漸層配色,A,三等分（Triadic）在色相環各隔 120°，能營造色彩豐富、平衡且充滿活力的高視覺趣味。
VD_COL_036,色彩學,色相環與色彩體系,挑戰,200,single_choice,孟塞爾色彩體系中，色相環總共細分為幾種主要基本色相（Major Hues）與中間色相？,"5 個基本色相（R, Y, G, B, P）與 5 個中間色相（YR, GY, BG, PB, RP），共 10 大色相",只有紅黃藍三色,60 個純白色相,12 個星座色相,A,曼賽爾以十進位制建立，五大主色（紅、黃、綠、藍、紫）加五大中間色，再各自分割為10階，構成完整的100色相環。
VD_COL_037,色彩學,配色法則,初級,100,single_choice,室內設計與平面設計中最著名的黃金配色比例法則「70：25：5 原則」，其中「70%」通常配置給什麼角色？,主調色/背景色（Dominant/Base Color）,高飽和點綴強調色（Accent Color）,主視覺標題文字,印刷金色燙印,A,70:25:5 法則中，70% 為支配全場氛圍的底色/基調色，25% 為輔助色（支撐整體結構），5% 為強烈的點睛/強調色（聚焦重要按鈕或重點）。
VD_COL_038,色彩學,配色法則,初級,100,speed_buzzer,承上題，在「70：25：5 原則」中，扮演「畫龍點睛、引導點擊或強調核心」的「5% 色彩」通常是：,強烈對比的點綴強調色（Accent / Highlight Color）,大面積留白底色,透明色,輔助副色,A,5% 強調色面積雖小，但通常採用彩度最高或與基調色成強烈補色的色彩，以極高辨識度引導焦點。
VD_COL_039,色彩學,配色法則,初級,100,single_choice,只使用「單一色相」，透過改變其明度與飽和度（如深藍、淺藍、海軍藍、天空藍）進行的設計配色方案稱為：,單色系配色（Monochromatic）,互補色配色（Complementary）,衝突色配色（Clashing）,雙色調配色（Duotone）,A,單色系（Monochromatic）只使用一種色相的明暗純度階調，視覺極具統一感、優雅沉穩且絕對不會出現色彩衝突。
VD_COL_040,色彩學,配色法則,中級,150,single_choice,在設計警示標誌（如交通號誌、消防器材、施工告示）時，常採用「黃配黑」或「紅配白」，這是運用了何種色彩原理？,極高明度差與高對比所產生的「高注目性（Visibility / Conspicuity）」,降低觀者的警覺心以利放鬆,讓字體產生模糊隱形效果,純粹為了節省油墨調配成本,A,黃配黑具備自然界最高的明度反差（明度最高純黃 vs 明度最低黑），遠距離視認性與心智驚覺效果居所有配色之冠。
VD_COL_041,色彩學,配色法則,中級,150,single_choice,當畫面上兩個互補色（如正紅與正綠）面積完全相等（1:1）並列時，常會讓人感到刺眼、俗氣與視覺疲倦，最有效的專業改善手法是：,改變兩者面積比例（如縮小其中一色為點綴色），或在兩色交界處加入黑白金銀等中性隔離線,強制將兩色都調成完全透明,把文字全部刪除,讓整個畫面快速旋轉,A,互補色力量抗衡時會產生視覺爭奪；歌德的色彩面積理論建議透過「面積調和（如紫配黃需3:1）」或中性色線間隔來緩衝衝突。
VD_COL_042,色彩學,配色法則,中級,150,single_choice,在 UI 介面設計中，若將背景設為「暖灰（Warm Gray）」，它相較於純中性冷灰（Cool Gray）給使用者的心理感受通常是：,更有溫度、親切感、人道與自然舒適感,冷酷無情如工業機械,完全無法閱讀任何文字,讓螢幕產生雜訊跳動,A,微帶米黃或紅橙傾向的暖灰，能淡化數位冷硬感，傳達溫暖、有機與精緻人文氣質。
VD_COL_043,色彩學,配色法則,挑戰,200,single_choice,文藝復興大師達文西與詩人歌德皆曾研究色彩明度與視覺平衡面積比，歌德提出的「純黃（9）與純紫（3）」調和面積比應為：,黃 : 紫 = 1 : 3（明度高的黃色面積應為紫色的三分之一）,黃 : 紫 = 3 : 1（黃色面積應為紫色的三倍）,黃 : 紫 = 1 : 1（完全相等）,黃色不可與紫色並置,A,歌德明度力量值黃為9、紫為3。明度高者刺激強，其面積必須與明度成反比，故黃:紫面積比為 1:3 才能達到視覺平衡。
VD_COL_044,色彩學,配色法則,中級,150,single_choice,"「漸層色（Gradient / Color Transition）」在近年數位品牌設計（如 Instagram, Apple Music）中廣受青睞，其優勢在於：",打破單色平面的單調感、創造現代感、微光澤深度與飽滿的情感流動,徹底消除所有向量圖形檔案容量,讓印刷廠無法複製防偽,強制螢幕進入睡眠省電模式,A,漸層色融合多重色調，能在平面視覺中創造虛擬光源、三維飽滿度與活力張力。
VD_COL_045,色彩學,配色法則,挑戰,200,single_choice,在雙色調配色（Duotone）影像處理技巧中，通常如何將色彩對應至黑白相片中？,將高光亮部對應至一種鮮明色彩，陰影暗部對應至另一種深沉色彩,將整個畫面隨機塗抹兩種顏色,將像素奇數行與偶數行分開上色,只在眼睛部位填色其餘留白,A,Duotone（雙色調）技術將相片的灰階範圍重新映射到兩種指定油墨（通常一深一亮），能營造出極具張力的復古流行視覺。
VD_COL_046,色彩學,配色法則,初級,100,single_choice,在設計兒童玩具、遊樂園或歡慶派對視覺時，最常採用的配色策略是：,多色相、高飽和度、高明度的明亮多元純色組合,深沉陰鬱的灰黑色調,極度微弱的低對比灰綠色,全純黑單色系,A,高飽和度、高明度的暖色與繽紛多色相能直接刺激多巴胺與愉悅感，強烈符合幼童的視覺認知偏好。
VD_COL_047,色彩學,配色法則,中級,150,single_choice,在傳統日本和風配色或文藝古典設計中，大量採用帶灰調的「莫蘭迪色系」或「日本傳統色（和色）」，其視覺魅力是：,優雅內斂、柔和沉穩、耐看且不具侵略性,刺眼眩目、極度刺眼,無法在任何印刷品上被複製,只能在黑暗中發光看見,A,莫蘭迪色系透過在原色中注入灰階降低彩度，創造和諧共存的中間調，具有高度的高級感與耐讀性。
VD_COL_048,色彩學,配色法則,挑戰,200,speed_buzzer,在排版配色中，若在彩色底色上排印「正黑色文字」，為了使黑色文字看起來更加深邃濃郁，專業印前會建議採用何種調配？,Rich Black（豐富黑/濃黑）：在 100% K 中額外混入適量 C（如 C=30 M=20 Y=20 K=100）,純黃色,100% 透明水墨,純白色文字反白,A,單一 100% K（Flat Black）印在大面積色塊上會顯得發灰發乾；加入適量 C、M、Y 底色調配成 Rich Black 能呈現沉穩飽滿的深黑。
VD_COL_049,色彩學,色彩心理學,初級,100,single_choice,在科技、金融、醫療與企業形象設計中，最普遍被用來象徵「信任、專業、穩健與安全」的標準色是：,藍色（Blue）,橙色（Orange）,亮粉紅色（Pink）,鮮黃色（Yellow）,A,藍色是全球接受度最高的中性偏冷色，能降低心率傳遞理性冷靜，故廣泛為 IBM、Intel、PayPal 等企業採用。
VD_COL_050,色彩學,色彩心理學,初級,100,single_choice,速食餐飲連鎖品牌（如麥當勞、肯德基、漢堡王）幾乎清一色採用「紅色搭配黃色」作為品牌主色，其背後的心理學機制為：,紅色能刺激食慾與交感神經，黃色傳遞歡樂明亮，兩者結合能激發飢餓感並加快翻桌率,紅黃兩色彩度最低，不容易被發現,印刷廠印紅黃兩色油墨價格只有其他顏色的一半,因為創辦人個人信仰規定,A,暖色系（紅、橙、黃）能刺激交感神經使心跳微加速、刺激胃液分泌誘發食慾，且具備高能量感與快節奏暗示。
VD_COL_051,色彩學,色彩心理學,初級,100,speed_buzzer,在現代環保、有機農業、永續發展（ESG）以及健康保健產業中，最無可取代的象徵代表色是：,綠色（Green）,紫色（Purple）,灰色（Gray）,洋紅色（Magenta）,A,綠色直接連結大自然、植物光合作用與生命復甦，在心理上象徵健康、有機、平衡與永續生態。
VD_COL_052,色彩學,色彩心理學,中級,150,single_choice,在色彩文化象徵中，歷史上「紫色（Purple）」在歐洲古典傳統中常象徵「皇室、貴族、尊榮與神秘」，這是因為：,古代骨螺紫（Tyrian Purple）染料極度昂貴罕有，僅有帝王與最高階主教負擔得起,紫色是可見光中波長最長的顏色,紫色在夜間會自體發光,歐洲皇帝法令規定平民若看到紫色必須閉眼,A,古代提爾紫由成千上萬隻罕見骨螺鰓下腺提煉，每盎司造價超越黃金，形成了長達千年的皇家權貴專屬文化刻印。
VD_COL_053,色彩學,色彩心理學,中級,150,single_choice,在色彩溫度感知（Color Temperature）中，我們將紅、橙、黃歸類為「暖色系」，藍、青、藍綠歸類為「冷色系」，其生理心理基礎是：,聯想經驗法則：暖色聯想到太陽、火焰與血液；冷色聯想到水、冰雪、天空與深海,用溫度計測量色光時，紅色燈泡溫度比藍色低十倍,暖色波長短，冷色波長長,完全是隨機約定俗成的流行詞彙,A,人類對色溫的感知源於漫長演化中對自然環境事物的本能聯想，暖色帶來親密能量，冷色帶來開闊寧靜與距離感。
VD_COL_054,色彩學,色彩心理學,挑戰,200,single_choice,在跨文化視覺設計中，同一個顏色在不同國家文化中意義可能截然相反。例如「白色」在西方婚禮象徵純潔，但在傳統東亞文化中常象徵：,喪葬、哀悼與肅穆,財富與豐收,戰鬥與侵略,未成年身分,A,色彩具有強烈文化地域性。白色在中華傳統白事中為哀思之色，進行全球化品牌包裝時需高度注意文化禁忌。
VD_COL_055,色彩學,色彩心理學,初級,100,single_choice,「橙色（Orange）」在色彩心理學上融合了紅色的熱情與黃色的明朗，最常傳遞的情感語意是：,活力、親切友善、創造力、平價親民與熱情,冷血恐怖與絕望,帝王專制與不可侵犯,嚴謹法律與法庭肅穆,A,橙色具備極佳的社交溫度，不像純紅那般具侵略威脅，充滿趣味、年輕探索與活力，如 Home Depot、淘寶網等。
VD_COL_056,色彩學,色彩心理學,中級,150,single_choice,在精品時尚與高科技旗艦產品（如 Chanel、Sony、Tesla）中，大量使用「極致黑（Black）與純白（White）」作為主色，主要傳遞的品牌形象是：,權威力量、極簡前衛、奢華永恆與超越時代的經典感,廉價促銷快速換季,缺乏設計理念只能留白,產品性能不穩定需要遮掩,A,黑色代表神秘、權力與深沉純粹；黑白雙色能剔除潮流顏色的過期衰竭感，傳達永恆不墜的殿堂級威望。
VD_COL_057,色彩學,色彩心理學,挑戰,200,single_choice,色彩進退感與脹縮感中，「前進色（Advancing Color）」通常具備何種色彩屬性特徵？,高明度、高彩度的暖色系（如紅、黃、橙）在視覺上會感覺比實際位置更往前凸出且膨脹放大,低明度、低彩度的深冷色在視覺上永遠向前衝,所有綠色系都是最強烈的前進色,完全由文字大小決定，色彩不會影響距離知覺,A,前進色/膨脹色（暖、高明度、高彩度）視網膜折射聚焦在視網膜後方，迫使眼水晶體微凸，產生更靠近放大的心理錯覺。
VD_COL_058,色彩學,色彩心理學,初級,100,speed_buzzer,在數位 UI 介面設計中，警告或危險動作（如「刪除帳號」、「重設所有資料」）標準按鈕幾乎一律使用：,紅色（Red）,天藍色（Sky Blue）,粉綠色（Mint Green）,純白色,A,紅色在全人類認知中具有最高的危險警示警惕語義，能有效防止使用者無意間造成不可逆之資料破壞。
VD_COL_059,色彩學,混色原理,初級,100,single_choice,將兩種色光進行重疊混合時，混合後的光線總亮度會「越加越亮」，這種混色物理現象稱為：,加法混色（Additive Color Mixing）,減法混色（Subtractive Color Mixing）,旋轉混色（Rotational Mixing）,殘像混色,A,色光混合時光子能量相加，發光總強度提升，越疊越亮，最終三原色等量相加成白光，故稱加法混色。
VD_COL_060,色彩學,混色原理,初級,100,single_choice,將水彩、壓克力顏料或印刷油墨混合在一起時，混合後的顏色會「越混越暗、越混越濁」，這種現象稱為：,減法混色（Subtractive Color Mixing）,加法混色（Additive Color Mixing）,空間混色（Spatial Mixing）,同化現象,A,色料本身不發光，混合越多元色料吸收的光譜範圍越大，反射到人眼的光線總量越少，越混越暗，故為減法混色。
VD_COL_061,色彩學,混色原理,中級,150,single_choice,在色光加法混色（RGB）中，紅光（Red）與綠光（Green）以等強度光線重疊投射在一起，會產生什麼顏色的色光？,黃光（Yellow）,青光（Cyan）,洋紅光（Magenta）,黑光,A,"紅光與綠光波長同時刺激視網膜紅敏與綠敏視錐細胞，大腦感知為明亮的純黃光（RGB: 255, 255, 0）。"
VD_COL_062,色彩學,混色原理,中級,150,speed_buzzer,在色料減法混色（CMY）中，青色顏料（Cyan）與黃色顏料（Yellow）混合後，會吸收紅光與藍光，反射出的顏色是：,綠色（Green）,黑色,橙色,純紫色,A,青色吸收紅光反射藍綠；黃色吸收藍光反射紅綠。青黃相混後紅藍光皆被吸收，只剩下共同反射的綠光。
VD_COL_063,色彩學,混色原理,中級,150,single_choice,十九世紀新印象派畫家秀拉（Georges Seurat）的「點描派（Pointillism）」畫法，以及彩色電視螢幕微型像素並列，在色彩學上屬於：,並置混色（Juxtaposition / Spatial Partitive Mixing，又稱中性混色）,物理性溶劑調合混色,減法吸收混色,完全沒有任何混色發生,A,並置混色將微小色點密集排列，在一定觀看距離下人眼解析度不足，光線在視網膜上自然融合為全新色調，明度為兩者平均值。
VD_COL_064,色彩學,混色原理,挑戰,200,single_choice,將塗有不同顏色的圓形陀螺快速旋轉時，人眼會看見混成另一種均勻的中間色，這種物理心理現象屬於：,旋轉混色（Rotational Color Mixing / 時間性中性混色）,加法雷射聚光,化學顏料結晶,負殘像互補投影,A,旋轉混色利用人類視網膜的「視覺暫留（Persistence of Vision）」，讓快速交替的色彩信號在神經系統中融合成平均中性色。
VD_COL_065,色彩學,混色原理,中級,150,single_choice,凝視一塊鮮豔的純紅色色塊 30 秒後，立刻將視線移到白牆上，眼前會浮現一個形狀相同但呈現「青綠色」的虛幻殘影，此現象在生理光學稱為：,負殘像（Negative Afterimage / 補色殘像）,正殘像（Positive Afterimage）,色盲前兆,光線繞射折射,A,長時間注視紅光會使視網膜紅敏視錐細胞神經傳導物質疲勞耗損，突然看白光時其他視錐細胞相對活躍，大腦便產生其補色（青綠色）負殘像。
VD_COL_066,色彩學,混色原理,挑戰,200,single_choice,當細小的黑色格線穿插在灰色背景上，灰底看起來會顯得更暗；若穿插白色細線，灰底看起來會變亮，這種受到鄰近極細線條同化的現象稱為：,馮·貝措爾德同化現象（von Bezold Spreading Effect / 同化效應）,赫曼方格殘像（Hermann Grid）,馬赫帶效應（Mach Bands）,芒塞爾色調漂移,A,當圖形單元小於視網膜受光野中心抑制區時，對比機制失效轉為同化效應（Spreading Effect），邊界顏色會主動滲透同化背景。
VD_COL_067,色彩學,混色原理,挑戰,200,speed_buzzer,在色光加法模式中，紅光（Red）、綠光（Green）、藍光（Blue）三者彼此之間的二次色互補對應關係是：,紅補青（Cyan）、綠補洋紅（Magenta）、藍補黃（Yellow）,紅補黃、綠補藍、藍補黑,紅補紫、綠補橙、藍補灰,三色完全沒有任何互補關係,A,色光三原色之互補色正好是色料三原色：紅光與青光（G+B）相加成白光；綠光與洋紅（R+B）成白光；藍光與黃光（R+G）成白光。
VD_FILE_001,檔案類型,點陣圖 vs 向量圖,初級,100,single_choice,「點陣圖（Bitmap / Raster）」與「向量圖（Vector）」在記錄圖形時最根本的技術差異為何？,點陣圖是由帶有色彩數值的像素（Pixels）網格組成；向量圖是由數學公式、錨點與控制桿路徑構成,點陣圖只能顯示黑白兩色，向量圖才能顯示彩色,點陣圖容量永遠比向量圖小一千倍,向量圖一旦放大一定會嚴重模糊失真,A,點陣圖（如相片、JPG/PNG）以像素矩陣記錄；向量圖（如 AI/SVG）以數學向量幾何公式計算，具備任意縮放永不失真特性。
VD_FILE_002,檔案類型,點陣圖 vs 向量圖,初級,100,speed_buzzer,當設計一個企業商標（Logo）時，為什麼業界標準絕對要求必須先製作「向量格式」而非點陣圖？,向量圖形無論等比縮小到名片上或放大到摩天大樓外牆廣告，線條邊緣永遠維持極致清晰銳利且不失真,向量圖形只能由特定品牌的印表機列印,點陣圖完全無法存檔在電腦硬碟裡,向量圖形檔案會自體發光,A,Logo 需要適應極端尺寸跨度（從微小 App Icon 到巨幅戶外看板），向量格式獨立於解析度（Resolution-Independent），放大任何倍數邊緣皆完美銳利。
VD_FILE_003,檔案類型,點陣圖 vs 向量圖,初級,100,single_choice,當一張 300x300 像素的點陣圖強制放大到 3000x3000 像素時，畫面邊緣會產生一顆顆鋸齒狀馬賽克模糊色塊，這種現象俗稱為：,像素化（Pixelation / 破圖）,抗鋸齒（Anti-Aliasing）,高動態範圍（HDR）,向量平滑化,A,像素化是指像素被過度拉大放大，使得人眼直接辨識出方形像素顆粒邊界，喪失圖像細節與平滑度。
VD_FILE_004,檔案類型,點陣圖 vs 向量圖,中級,150,single_choice,下列哪種類型的圖像「最適合」採用點陣圖（Raster）而非向量圖來表現？,色彩層次極其細膩豐富、光影微光漸層複雜的真實自然人像攝影相片,極簡幾何線條構成的品牌標誌,地圖等高線與道路網圖示,機械零件精確 CAD 尺寸藍圖,A,真實相片包含數百萬個連續色調變化與雜訊細節，若硬轉向量圖會產生上萬個碎形貝茲節點導致檔案龐大，點陣圖是紀錄攝影最自然的格式。
VD_FILE_005,檔案類型,點陣圖 vs 向量圖,中級,150,single_choice,在排版軟體中縮小一張高解析度點陣圖，其在畫面上的「有效解析度（Effective PPI）」會發生什麼變化？,有效 PPI 會成反比增加（影像變得更加緻密）,有效 PPI 會降低為零,有效 PPI 永遠固定不變,像素總數會自動消失一半,A,有效 PPI = 原像素數量 / 實際物理顯示吋數。尺寸被縮小排版時，單位吋內容納的像素密度上升，故印刷解析度反而更高。
VD_FILE_006,檔案類型,點陣圖 vs 向量圖,中級,150,speed_buzzer,在下列常見檔案副檔名中，哪一組「全部皆屬於點陣圖格式」？,JPG、PNG、GIF、TIFF、PSD,SVG、EPS、AI、PDF,AI、PNG、SVG、JPG,DOC、XLS、PPT、PDF,A,JPG、PNG、GIF、TIFF、PSD 其本質皆為像素網格構成之點陣圖；SVG、AI、EPS 則為原生向量格式（PDF可混合）。
VD_FILE_007,檔案類型,點陣圖 vs 向量圖,挑戰,200,single_choice,向量圖形軟體在螢幕上呈現曲線時，為了避免低解析度螢幕邊緣產生生硬樓梯狀毛邊，會採用何種演算法？,抗鋸齒技術（Anti-Aliasing / 次像素平滑）,雙立方內插壓縮,色彩分離技術,光柵化失真,A,Anti-Aliasing 在高對比度邊緣注入中間過渡色階半透明像素，欺騙人眼視覺，讓鋸齒折角在視覺上呈現平滑連貫。
VD_FILE_008,檔案類型,點陣圖 vs 向量圖,初級,100,single_choice,將向量路徑或文字轉化為以像素為基礎的點陣圖圖層，在 Photoshop / Illustrator 軟體中的專業術語是：,點陣化（Rasterize / 光柵化）,向量化（Vectorize）,反組譯（Decompile）,轉外框（Create Outlines）,A,Rasterize（點陣化/光柵化）是將向量數學公式運算為實體像素點陣資料陣列的過程。
VD_FILE_009,檔案類型,點陣圖 vs 向量圖,中級,150,single_choice,在 Illustrator 中使用「影像描圖（Image Trace）」功能，其核心功能為：,自動演算法分析點陣圖的邊界與色塊，將其轉換為可編輯的向量錨點與路徑,將向量圖強制壓縮成低解析度 JPG,清除圖層上的所有遮色片,給黑白相片自動上色,A,影像描圖（Image Trace）能辨識點陣像素輪廓並擬合出貝茲曲線向量路徑，達到位圖轉向量的效果。
VD_FILE_010,檔案類型,點陣圖 vs 向量圖,挑戰,200,single_choice,"向量檔案（如 SVG, AI）的檔案容量大小，通常取決於什麼因素，而非畫面的物理寬度與高度？",圖形中的錨點數量、路徑複雜度、漸層網點與複合路徑多寡,畫布設定的像素寬度與高度,螢幕的更新頻率,電腦硬碟的物理轉速,A,向量檔儲存的是幾何公式指令。一個畫滿十萬個錨點的 10x10cm 複雜圖形，容量遠大於一個 100x100 米的簡單純色矩形。
VD_FILE_011,檔案類型,點陣圖 vs 向量圖,初級,100,single_choice,在網頁前端開發中，SVG 格式相較於傳統 PNG 圖示的壓倒性優勢是：,支援 CSS 樣式控制、JS 動態互動、極輕量文字代碼且在任何 Retina 螢幕上皆零失真,能完美儲存 RAW 相機原始未處理照片,只能在微軟 IE 瀏覽器運行,完全不支援任何顏色填色,A,SVG 為基於 XML 的文字標記語言，能被 CSS 動態換色、JS 操作，縮放自如且體積極致輕巧。
VD_FILE_012,檔案類型,點陣圖 vs 向量圖,中級,150,speed_buzzer,若需要為服飾印刷刺繡機（Embroidery）或電腦卡點割字機（Vinyl Cutter）準備檔案，為何「非向量檔不可」？,因為割字機的刀片需要循著連續的「向量路徑與座標線」進行物理切割，像素圖無法提供坐標軌跡,因為刺繡機只能讀取 72 DPI 的圖片,點陣圖檔案有毒會損壞機器晶片,向量檔案有潤滑刀片的效果,A,切割機、雷射雕刻機、CNC 雕刻銑刀與刺繡機皆以 G-code 數控軌跡運作，必須依賴向量線段的連續座標導引機械運動。
VD_FILE_013,檔案類型,常用檔案格式,初級,100,single_choice,網路上最普及的「JPEG / JPG」格式，其最顯著的格式特性與限制為何？,採用破壞性壓縮以大幅減小檔案體積，但「完全不支援透明背景（Alpha Channel）」,支援 32 位元無損透明通道與多圖層,支援向量無限縮放動畫,只能儲存黑白灰階二色,A,JPG 原生不具備 Alpha 透明通道，去背區域存成 JPG 時會被強制填補成白色或其他預設背景色。
VD_FILE_014,檔案類型,常用檔案格式,初級,100,speed_buzzer,當需要在網頁或簡報中展示「去背透明背景」的彩色商品圖時，最標準常見的點陣圖格式是：,PNG（Portable Network Graphics，特別是 PNG-24）,JPG（Joint Photographic Experts Group）,BMP（點陣未壓縮圖）,TXT（文字檔案）,A,PNG 格式支援高品質無失真壓縮與 8-bit Alpha 透明通道（支援 256 階半透明），是去背網頁圖案的首選。
VD_FILE_015,檔案類型,常用檔案格式,中級,150,single_choice,網頁常見的「PNG-8」與「PNG-24」格式，其主要功能與色彩規格差異為何？,PNG-8 採用 256 色索引色彩且透明度為 1-bit（全透或不透）；PNG-24 支援 1677 萬真彩色且支援平滑半透明,PNG-8 檔案容量大於 PNG-24 十倍,PNG-8 只能在 Windows 運行，PNG-24 只能在 Mac 運行,PNG-8 是向量格式，PNG-24 是點陣格式,A,PNG-8 類似 GIF，使用 8 位元索引色盤限制在 256 色，容量極小但邊緣會有白邊毛刺；PNG-24/32 支援完整真彩色與細緻漸層半透明。
VD_FILE_016,檔案類型,常用檔案格式,初級,100,single_choice,傳統社群動態表情包常用的「GIF」檔案格式，其原生最大色彩數量上限為多少色？,256 色（8 位元色彩索引盤）,1677 萬色（24 位元真彩色）,"65,536 色",無任何顏色限制,A,GIF 限制最多只能使用 256 種顏色（Indexed Color），若用來存風景相片會產生色階斷裂雜點（Dithering）。
VD_FILE_017,檔案類型,常用檔案格式,中級,150,single_choice,由 Google 推出的現代現代化網頁影像格式「WebP」，其主要特點為：,兼具高壓縮率、透明通道（Alpha）與動態動畫，且同等畫質下容量比傳統 JPG/PNG 小約 30%,只能在 Android 手機上瀏覽,完全無法被瀏覽器解碼,會強制將所有顏色轉換成灰色,A,WebP 是全能型現代 Web 格式，集 JPG 的高壓縮、PNG 的透明、GIF 的動畫於一體，全面獲得現代各大瀏覽器原生支援。
VD_FILE_018,檔案類型,常用檔案格式,中級,150,single_choice,印刷業與專業出版中被視為跨平台檔案交換之世界通用的業界黃金標準格式是：,PDF（Portable Document Format，特別是 PDF/X 標準）,GIF,DOCX,BMP,A,"PDF（PDF/X-1a, PDF/X-4）能完整封裝文字向量、輪廓字型、CMYK 與高解析圖片，跨平台絕不跑版，是商業印刷標準。"
VD_FILE_019,檔案類型,常用檔案格式,中級,150,speed_buzzer,在專業攝影棚與高階相機中，攝影師堅持拍攝「RAW 檔」的最關鍵原因是什麼？,RAW 記錄感光元件（CMOS）未經任何壓縮或相機內部白平衡破壞的原生光電信號，提供最高寬容度後製空間,RAW 檔可以直接傳上 Instagram 無需後製,RAW 檔容量小於 100 KB 極易傳輸,RAW 檔已經完成自動美肌修圖,A,RAW 檔（數位底片）保留 12~14 位元原始感光動態範圍，後製調整曝光過曝拉回或微調白平衡完全不傷畫質。
VD_FILE_020,檔案類型,常用檔案格式,挑戰,200,single_choice,在傳統高階印刷與典藏掃描中備受尊崇的「TIFF（.tif）」格式，其最突出的優點是：,支援無失真壓縮（如 LZW）、多通道、多圖層、高位元深度（16/32-bit）與 CMYK 色彩，品質完全不退化,檔案極小，適合網頁快速載入,只能透過打字機列印,在縮放時會自動轉成純向量路徑,A,TIFF 是專業印刷與醫學影像的工業標準，完全不犧牲任何像素資訊，支援點陣圖最高品質保存。
VD_FILE_021,檔案類型,常用檔案格式,初級,100,single_choice,Adobe Photoshop 的原生工作原始檔案副檔名為「.psd」，其最大特徵為：,完整保留圖層、圖層遮色片、混合模式、智慧型物件、文字向量屬性與調整圖層可供後續修改,只要存檔一次就再也不能修改,可以在微軟 Word 中直接點擊播放動畫,無法在任何電腦上打開,A,PSD 完整儲存所有圖層非破壞性編輯架構，是修圖專案不可或缺的來源工程檔。
VD_FILE_022,檔案類型,常用檔案格式,初級,100,single_choice,Adobe Illustrator 的原生向量工作檔案副檔名為：,.ai（Adobe Illustrator Artwork）,.jpg,.mp4,.indd,A,AI 為 Illustrator 專屬向量工程檔，支援畫板、精確貝茲錨點路徑與動態外觀樣式。
VD_FILE_023,檔案類型,常用檔案格式,中級,150,single_choice,「EPS（Encapsulated PostScript）」格式在傳統印刷產業中扮演什麼重要角色？,作為跨軟體（如 CorelDraw 與 Illustrator）交換向量圖形與排版的早期標準 PostScript 容器,專門用來錄製錄音檔,只用來儲存三維立體動畫,完全無法進行任何商業印刷,A,EPS 是基於 PostScript 語言的跨平台向量封裝標準，廣泛應用於傳統印刷出版流程中的 Logo 與插圖交換。
VD_FILE_024,檔案類型,常用檔案格式,挑戰,200,single_choice,新一代前瞻影像格式「AVIF（AV1 Image File Format）」在現代網頁最佳化中備受期待的原因是：,基於開放視訊編碼 AV1 壓縮演算法，同等高畫質下壓縮率超越 WebP 與 JPEG 達 20%~50%，並支援 10/12-bit HDR,只能在純文字終端機黑白顯示,完全不需要任何網路連線就能傳輸,只能由人工智慧手繪生成,A,AVIF 採用頂尖視訊訊框壓縮技術，是目前全球最高壓縮效能的開源影像標準之一。
VD_FILE_025,檔案類型,常用檔案格式,初級,100,speed_buzzer,印刷廠要求設計師繳交檔案前必須將 Illustrator 中的文字「建立外框（Create Outlines）」，目的是：,將文字轉化為純幾何向量圖形，防止印刷廠電腦因缺乏該字型而發生字體走樣或亂碼跑版,讓字體文字檔案體積增加以多收費,把所有字體自動翻譯成英文,讓印刷機自動加上金色外框邊線,A,建立外框將字元轉為單純向量形狀，即使接收端未安裝該特定商業字型，版面文字造型依然 100% 精準維持不變。
VD_FILE_026,檔案類型,常用檔案格式,挑戰,200,single_choice,符合印刷標準的「PDF/X-1a」標準規範，在輸出時有何項嚴格強制限制？,強制所有顏色必須轉換為 CMYK 或特別色，絕不允許包含 RGB 色彩與未嵌入字型,強制只能使用 72 DPI 解析度,強制刪除所有圖片,強制將所有文字轉為簡體中文,A,PDF/X-1a 是印刷出版防錯的嚴苛子集，剔除所有 RGB、透明度及未授權字型，消除印前直出製版的不確定變因。
VD_FILE_027,檔案類型,常用檔案格式,中級,150,single_choice,在網頁設計中，若需要製作網頁分頁標籤上的小圖示（Favicon），傳統上最相容的副檔名是：,.ico（Icon 資源格式，可包含多種像素尺寸）,.raw,.psd,.tiff,A,".ico 容器可在單一檔案內包含 16x16, 32x32, 48x48 等多種解析度圖標，適配不同瀏覽器縮放環境。"
VD_FILE_028,檔案類型,解析度觀念,初級,100,single_choice,在數位影像領域，「PPI」與「DPI」分別代表什麼單位的英文縮寫？,PPI 為每英吋像素（Pixels Per Inch），DPI 為每英吋印刷油墨點數（Dots Per Inch）,PPI 指列印紙張，DPI 指螢幕發光,PPI 代表圖片長度，DPI 代表圖片寬度,兩者是同義字且數值在任何物理媒介皆一模一樣,A,PPI 描述螢幕或影像感應器的像素密度；DPI 描述實體輸出設備（雷射印表機、照相排版機）物理打出的油墨網點密度。
VD_FILE_029,檔案類型,解析度觀念,初級,100,speed_buzzer,商業精緻彩色合版印刷（如一般書籍、雜誌、名片宣傳單）標準要求的圖片解析度通常為：,300 DPI（或 350 DPI）,72 DPI,150 DPI,1200 DPI,A,一般商業印刷網線約 150~175 LPI，依據取樣定理，影像解析度需達網線的兩倍，即 300~350 DPI 方能確保印刷細緻無毛邊。
VD_FILE_030,檔案類型,解析度觀念,初級,100,single_choice,傳統網頁與早期桌上型電腦螢幕顯示器最常依據的預設標準螢幕解析度為：,72 PPI（Mac 傳統標準）或 96 PPI（Windows 傳統標準）,300 PPI,600 PPI,12 PPI,A,歷史上 72 PPI 源於早期 Apple Macintosh 螢幕物理像素對應點數（1 pt = 1/72 吋），Windows 則為 96 PPI。
VD_FILE_031,檔案類型,解析度觀念,中級,150,single_choice,現代智慧型手機普遍配備高像素密度螢幕（如 Apple Retina Display，PPI 常高達 326 ~ 460 PPI），若在該螢幕以 1:1 顯示一張傳統 72 PPI 圖示，會發生什麼情況？,圖示在實體尺寸上顯得極度微小，若強制拉大則會顯得邊緣模糊，故需提供 @2x 或 @3x 甚至 SVG 格式素材,手機螢幕會冒煙過熱損壞,圖示會自動變成 3D 浮雕立體圖,顏色會自動反轉為綠色,A,高像素密度螢幕以多個物理像素渲染 1 個 CSS 邏輯像素（如 @2x/@3x），普通 72 PPI 圖形若無多倍率素材會被內插放大變模糊。
VD_FILE_032,檔案類型,解析度觀念,中級,150,single_choice,在戶外巨型建築看板（如 10 公尺 × 20 公尺的高速公路 T 霸帆布），製作檔案時為何「不需要」做到 300 DPI，通常 30 ~ 72 DPI 就足夠清晰？,因為觀看距離極遠（數十至數百公尺），人眼角解析度有限，遠看時低 PPI 點陣像素完全不可察覺且能避免檔案膨脹崩潰,因為印刷機最高只能印 10 萬像素,因為墨水在大風吹拂下會自動平滑化,為了節省戶外看板的電費消耗,A,解析度需求與「觀看距離（Viewing Distance）」成反比。近看雜誌需 300 DPI，遠看幾十公尺外的巨型帆布 30~50 DPI 即可達到完美視覺清晰度。
VD_FILE_033,檔案類型,解析度觀念,挑戰,200,single_choice,印刷專業名詞「LPI（Lines Per Inch / 網線數）」主要代表何種製程參數？,半色調印刷（Halftone Screening）每英吋內所排列的印刷網點行數,每分鐘印刷機滾筒轉動的線速度,紙張纖維每平方英吋的排列紋理密度,雷射雕刻刀走刀的橫向每秒線數,A,LPI（網線數/加網線數）決定半色調網點的細密程度。一般報紙約 85 LPI，銅版紙高檔畫冊可達 175~200 LPI。
VD_FILE_034,檔案類型,解析度觀念,中級,150,single_choice,若一張數位影像像素維度為 3000 × 2400 像素，若以標準印刷 300 DPI 輸出，其能輸出的「最佳無失真最大物理尺寸」約為：,10 吋 × 8 吋（約 25.4 cm × 20.3 cm）,100 吋 × 80 吋,1 吋 × 0.8 吋,50 公尺 × 40 公尺,A,物理尺寸（吋）= 像素數 / DPI。3000/300 = 10 吋；2400/300 = 8 吋。超過此尺寸若要放大輸出，有效 DPI 將會低於 300。
VD_FILE_035,檔案類型,解析度觀念,初級,100,single_choice,在 Photoshop 中對圖片執行「重新取樣（Resample）」並強制將 72 DPI 改為 300 DPI，若保持原本吋數不變，軟體會如何處理？,利用內插補點演算法（Interpolation）憑空計算並虛構增生出大量像素，但「無法真正憑空還原消失的真實細節」,相機會自動透過網路連線補拍高畫質照片,圖片會自動轉成純向量路徑,圖片檔案容量會縮小十倍,A,點陣圖升頻（Upsampling）僅是依據鄰近像素演算法填補過渡像素，會使畫面變得柔焦平滑但無法創造未曾記錄的真實光學資訊。
VD_FILE_036,檔案類型,解析度觀念,挑戰,200,single_choice,若需要為高階藝術微噴（Giclée Printing）翻印細膩水彩油畫原作，輸出解析度建議至少需達到：,300 至 600 DPI,30 DPI,72 DPI,10 DPI,A,數位典藏與藝術微噴利用高階多色微壓電噴墨，要求原始輸入檔案至少 300~600 DPI 方能細緻再現紙張紋理與筆觸層次。
VD_FILE_037,檔案類型,解析度觀念,初級,100,speed_buzzer,一般辦公室黑白雷射印表機標註的「1200 DPI 列印品質」，指的是：,雷射感光鼓每英吋能在紙張上精確定位 1200 個碳粉微粒物理落點,這台機器能看懂 1200 種不同國家的語言,列印速度為每分鐘 1200 頁,只能使用 1200 磅的厚卡紙,A,硬體 DPI 描述硬體噴嘴或雷射束每英吋可步進控制的物理點數，點越密集微小，灰階半色調模擬越細膩。
VD_FILE_038,檔案類型,解析度觀念,中級,150,single_choice,在 UI 設計中，1 個「CSS 像素（CSS Pixel / 邏輯像素）」在 iPhone 的 @3x 超視網膜螢幕上，實際上由多少個「物理像素（Device Pixels）」組成？,3 × 3 = 9 個物理像素,1 個物理像素,3 個物理像素,27 個物理像素,A,在 3x 設備像素比（DPR=3）環境下，水平與垂直各以 3 倍物理像素繪製 1 個 CSS 邏輯像素，故每 1 個邏輯點覆蓋 9 個物理像素點。
VD_FILE_039,檔案類型,解析度觀念,挑戰,200,single_choice,為什麼在純向量圖形（如文字或 AI 向量路徑）檔案中，「完全沒有 DPI（解析度）」這個屬性存在？,因為向量圖是由純幾何數學座標公式描述，本身沒有固定像素格子，解析度取決於最終顯示或輸出的硬體設備能力,因為向量軟體不支援任何度量衡單位,因為向量圖只能在無重力太空中使用,因為 DPI 只能用來形容黑白掃描器,A,向量圖形是無限連續幾何函數，只有在被渲染成特定螢幕或印刷在特定解析度紙張時（光柵化時）才會依設備產生相應的 DPI。
VD_FILE_040,檔案類型,壓縮原理,初級,100,single_choice,數位影像壓縮技術中，「破壞性壓縮（Lossy Compression）」的最核心特徵是：,永久剔除人眼較不敏感的高頻視覺資訊以換取極高壓縮比，一旦存檔失真的資料無法完全復原,解壓縮後資料與未壓縮前 100% 逐字元位元完全相同,只適用於儲存純文字,會隨機在圖片上添加浮水印,A,破壞性壓縮（如 JPEG）利用心理視覺模型丟棄人眼難以辨識的細微色差，換取大幅縮減檔案容量，但多次反覆存檔會使畫質持續劣化。
VD_FILE_041,檔案類型,壓縮原理,初級,100,speed_buzzer,「無失真壓縮（Lossless Compression）」技術的代表性格式包括下列哪一項？,PNG、GIF、ZIP、TIFF（使用 LZW 壓縮時）,標準 JPG（高品質模式）,低位元速率 MP3,高壓縮比 MPEG-4,A,無失真壓縮（如 PNG 採用的 Deflate 演算法）藉由統計重組消除資料冗餘，解壓後資料位元與原始資料完全 100% 一致。
VD_FILE_042,檔案類型,壓縮原理,中級,150,single_choice,當一張 JPEG 照片以極低品質（如品質設為 10%）儲存時，畫面邊緣經常會出現 8x8 像素大小的方形碎塊，這在影像學稱為：,塊狀偽影（Blocking Artifacts / 區塊效應）,摩爾紋（Moiré Pattern）,色散現象,高斯模糊,A,JPEG 核心演算法以 8x8 像素為單位進行離散餘弦轉換（DCT），過度量化時邊界不連續性會形成顯著的 8x8 格狀塊狀偽影。
VD_FILE_043,檔案類型,壓縮原理,中級,150,single_choice,JPEG 壓縮演算法之所以能大幅壓縮攝影照片容量，其關鍵的光學心理學依據為：,人類視覺系統對「亮度（Luminance）」的微小變化極度敏銳，但對「彩度（Chrominance）」的細節辨識度相對遲鈍,人類只能看見波長超過 1000 奈米的紅外線,相機鏡頭只能記錄正方形物體,大腦在注視相片時會自動閉上左眼,A,JPEG 先將 RGB 轉換為 YCbCr（亮度+兩組色度通道），接著對色度進行次取樣（Chroma Subsampling，如 4:2:0），大幅精簡色料資料。
VD_FILE_044,檔案類型,壓縮原理,挑戰,200,single_choice,PNG 格式在進行 Deflate 壓縮之前，會先執行「濾鏡預處理（Delta Filtering）」，其主要作用是：,計算相鄰像素之間的數值差值（Difference），使資料序列產生大量連貫的 0 或重複數值，以大幅提升後續壓縮效率,自動為相片加上文青風懷舊濾鏡,將彩色轉為黑白,強制銳化所有人物五官,A,PNG 預處理計算當前像素與左方/上方像素的差值，相鄰像素色調通常極相近使得差值趨近於零，大幅提高熵編碼（Huffman/LZ77）的壓縮率。
VD_FILE_045,檔案類型,壓縮原理,初級,100,single_choice,若反覆打開同一張 JPEG 檔案、旋轉並連續儲存 100 次，圖片會發生什麼變化？,產生世代失真（Generation Loss），每一次儲存都重新量化，畫質持續急遽劣化並充滿雜訊波紋,圖片畫質越來越高，自動變成 8K 超高畫質,圖片完全沒有任何改變，品質與原始檔案 100% 相同,檔案容量自動縮小到 1 位元組,A,破壞性壓縮每儲存一次便重算一次 DCT 與量化表，重複疊加的捨入誤差會造成嚴重的世代劣化效應（Generation Loss）。
VD_FILE_046,檔案類型,壓縮原理,中級,150,single_choice,GIF 與 TIFF 檔案廣泛採用的「LZW 壓縮演算法（Lempel-Ziv-Welch）」，其壓縮策略核心是：,字典編碼（Dictionary Coding）：在讀取資料時動態建立重複字串代碼表，用短代碼取代長重複資料,隨機丟棄奇數行像素,將所有高光全部切除為純白,利用語音辨識壓縮,A,LZW 屬於無失真字典式資料壓縮，對於大面積單色平塗或重複文字紋理壓縮效率極高，廣泛應用於 GIF 及 TIFF。
VD_FILE_047,檔案類型,壓縮原理,挑戰,200,speed_buzzer,在數位影像中，何種特徵的圖像最適合用「PNG（無失真）」儲存，若改存成「JPG」反而檔案較大且邊緣變髒？,具有大面積平塗色塊、極銳利文字線條與純色背景的扁平設計（如 Logo、Icon、線條圖示）,落日夕陽餘暉風景照,毛茸茸的貓咪寵物照片,星空銀河長曝光攝影,A,純色扁平線條圖在 JPG 的 DCT 轉換下會在文字邊緣產生明顯的「蚊狀噪訊（Mosquito Noise）」，PNG 則能保持極致銳利且容量更小。
VD_FILE_048,檔案類型,壓縮原理,中級,150,single_choice,網頁在載入高解析度圖片時，採用「漸進式 JPEG（Progressive JPEG）」技術相比「基線 JPEG（Baseline JPEG）」的最大優點是：,載入時先由模糊的全圖輪廓漸進變清晰，比傳統由上而下一行行硬式載入提供更佳的瀏覽心理體驗,能保證圖片絕不被他人下載盜用,檔案大小會直接減少 90%,能自動轉成向量格式,A,Progressive JPEG 先以低頻資料快速渲染完整模糊低解預覽，再隨網路下載逐步填充細節，大幅改善首屏感知等待時間。
VD_FILE_049,檔案類型,壓縮原理,挑戰,200,single_choice,在印刷傳檔時，設計師將多個高解析度 TIFF 與 PSD 打包成「ZIP 壓縮檔」，主要目的除了減少傳輸時間之外，還有哪一項關鍵作用？,作為校驗防護容器，防止網路傳輸過程中資料封包微小毀損或作業系統平台元數據遺失,將 CMYK 強制轉成螢光色,防止印刷機師傅擅自修改解析度,讓黑白圖自動變彩色,A,ZIP 封裝內建 CRC 檢查碼，若傳輸遺失位元無法解壓會立即報錯，可確保印前百萬像素工程檔不會因傳輸封包靜默損壞導致製版破圖。
VD_FILE_050,檔案類型,透明與色版,初級,100,single_choice,在數位影像中，除了常見的 RGB 三個色彩通道外，專門用來儲存「透明度資訊」的第 4 個通道通常稱作：,Alpha 通道（Alpha Channel）,Beta 通道,Gamma 通道,Delta 通道,A,Alpha 通道以 8 位元灰階（0 為完全透明，255 為完全不透明）記錄圖像各像素的透明程度，使圖像可平滑疊加融合。
VD_FILE_051,檔案類型,透明與色版,中級,150,single_choice,在排版軟體（如 InDesign）中將背景透明的圖片疊加在有色底色上，若印前直接輸出為較舊的「PDF 1.3」標準，透明度會發生什麼變化？,透明度必須被「平面化（Transparency Flattening）」，將重疊區域強制切割合併為多塊不透明片段,透明區域會變成純金色,所有圖片自動刪除,完全不受任何影響保持向量,A,PostScript 語言與早期 PDF 1.3 原生不支援即時動態透明，印前必須透過透明度平面化將重疊混色區域拆解碎形合成。
VD_FILE_052,檔案類型,透明與色版,初級,100,speed_buzzer,GIF 檔案格式只支援「1-bit 透明度」，這代表其在處理透明邊緣時會出現什麼限制？,每個像素只能是「100% 完全透明」或「100% 完全不透明」，無法呈現任何半透明柔和漸層（容易產生白邊毛刺）,只能透明黑色的部分,只能在半夜十二點才能看見透明,透明區域會自動發出聲音,A,1-bit 透明度缺乏中間階調，無法抗鋸齒融合背景，若背景更換，邊緣過渡處會留下明顯的粗糙鋸齒或上一層背景殘留白邊。
VD_FILE_053,檔案類型,透明與色版,中級,150,single_choice,在 Photoshop 中，若需要印刷局部上光（Spot UV）或局部燙金，專業印前人員通常會在檔案中如何設定？,建立一個獨立的「特別色色版（Spot Color Channel）」，以純黑填色精準標記出需要燙金/上光的幾何區域,直接在畫布空白處用紅色筆刷打一個問號,將圖層不透明度設為 50%,在檔名後面備註文字即可無需做檔,A,局部加工（如燙金、白墨、UV）在製版上屬於獨立版模，必須在色版面板中新建專用特別色色版並定義 100% 黑遮色。
VD_FILE_054,檔案類型,透明與色版,挑戰,200,single_choice,在傳統 TIFF 格式中保存去背路徑時，設計師常將路徑設定為「剪裁路徑（Clipping Path）」，其特色為：,以向量數學路徑封裝在點陣圖檔內，置入排版軟體時能精確裁去路徑以外的背景,將圖片壓縮為黑白兩色,使圖片永遠無法被縮小,只保留圖片的左半部,A,剪裁路徑是傳統桌上出版（DTP）時期的高階向量遮色技術，在不改變點陣像素前提下，指示排版軟體自動裁切輪廓。
VD_FILE_055,檔案類型,透明與色版,中級,150,single_choice,色版面板中，一張標準 8-bit 的 CMYK 檔案總共包含幾個色彩通道？,4 個基本通道（C、M、Y、K 各佔 8 位元灰階）,3 個通道,12 個通道,1 個通道,A,標準 CMYK 影像由青版、洋紅版、黃版、黑版 4 個獨立灰階單色版組成，印刷分色即對應這四塊印版。
VD_FILE_056,檔案類型,透明與色版,初級,100,single_choice,在 Photoshop 遮色片（Layer Mask）操作中，若在遮色片上填塗「純黑色」，該區域的圖層內容會呈現：,完全被遮蔽隱藏（透明）,完全可見（不透明）,反轉成互補色,自動銳化,A,遮色片核心口訣：「黑透、白顯、灰半透」。塗黑處完全遮蔽底層，塗白處完整展現，擦拭灰色則呈現半透明。
VD_FILE_057,檔案類型,透明與色版,挑戰,200,single_choice,包裝印刷常用牛皮紙袋或透明塑膠袋，若要在其上印製彩色圖形，印前檔案通常需要先加做一層什麼特殊的色版？,白墨底色版（White Ink Underprint），先印一層高遮蓋力純白油墨作為背景基底，防止透底變色,黑色底漆版,螢光透明漆,透明水光版,A,牛皮紙暗褐色或透明薄膜會嚴重干擾 CMYK 半透明油墨顯色；必須先印一層高濃度白墨打底遮蔽底色，彩色印在上方才鮮豔。
VD_FILE_058,檔案類型,透明與色版,中級,150,speed_buzzer,"在 Web 開發中，CSS 的「rgba(255, 0, 0, 0.5)」語法中，最後一個數值 '0.5' 代表的意思是：",Alpha 透明度為 50%（半透明純紅色）,紅色飽和度為 50%,亮度為 50 燭光,圖片壓縮比為 0.5 倍,A,rgba 中的 a 代表 Alpha，範圍 0.0（完全透明）至 1.0（完全不透明），0.5 即代表 50% 半透明。
VD_FILE_059,檔案類型,向量路徑結構,初級,100,single_choice,所有現代向量繪圖軟體（如 Illustrator、CorelDraw、Figma）的核心數學基礎是源自哪位法國工程師發明的曲線公式？,皮埃爾·貝茲（Pierre Bézier）,笛卡兒（René Descartes）,高斯（Carl Friedrich Gauss）,牛頓（Isaac Newton）,A,雷諾汽車工程師皮埃爾·貝茲於 1960 年代發明貝茲曲線（Bézier Curve），用於車身曲面電腦輔助幾何設計，成為現代電腦字型與向量繪圖基石。
VD_FILE_060,檔案類型,向量路徑結構,初級,100,single_choice,在向量鋼筆工具繪圖中，由兩個點連接成的線段，以及兩端用來定義位置的點，分別稱為：,路徑（Path）與錨點（Anchor Point）,像素與色階,網點與加網線,基線與上伸線,A,向量路徑是由一系列「錨點（Anchor Point）」與連接錨點的「線段（Segment/Path）」構成。
VD_FILE_061,檔案類型,向量路徑結構,中級,150,single_choice,在貝茲曲線操作中，拉動錨點上的「控制桿（Direction Handle / 方向手把）」長度與角度，主要控制的是曲線的什麼屬性？,控制桿長度控制弧線弧度的曲率彎曲幅度（加速度），控制桿角度控制弧線切線方向,控制線條的列印顏色深淺,控制線條的立體陰影厚度,控制字體的大小字級,A,方向控制手把是貝茲多項式導函數的切線向量：方向決定曲線出射入射角度，手把拉越長，對曲線產生的引力弧度張力越飽滿。
VD_FILE_062,檔案類型,向量路徑結構,初級,100,speed_buzzer,當錨點兩側的方向控制手把連成一條筆直直線、且連動旋轉時，此錨點稱為：,平滑錨點（Smooth Point）,轉角錨點（Corner Point）,終端點（End Point）,孤立點（Orphan Point）,A,平滑錨點（Smooth Point）兩側控制手把成 180° 直線對稱連動，保證兩側曲線相接處一階導數連續，邊界完全平滑無銳角。
VD_FILE_063,檔案類型,向量路徑結構,中級,150,single_choice,若需要繪製一個尖銳的星形尖角或直角矩形，錨點必須被轉換為什麼類型？,轉角錨點（Corner Point / 折角點），兩側手把可獨立折斷移動甚至無手把,平滑錨點,對稱錨點,三維球形錨點,A,轉角錨點兩側控制把手互相獨立（手把成夾角）或完全不拉出手把，使線段在此處形成尖銳轉折。
VD_FILE_064,檔案類型,向量路徑結構,挑戰,200,single_choice,二階貝茲曲線（Quadratic）與三階貝茲曲線（Cubic）在數位字型標準上的主要應用對應為何？,TrueType 字型（.ttf）採用二階貝茲（單控制點），PostScript / OpenType（.otf）採用三階貝茲（雙控制點）,TrueType 採用三階，PostScript 採用一階,兩者皆只能繪製正方形,完全沒有任何數學差異,A,微軟/蘋果傳統 TrueType 採用 1 個控制點的二階貝茲曲線運算極快；Adobe PostScript/OTF 採用 2 個控制點的三階貝茲，能以更少錨點描繪細膩古典襯線字。
VD_FILE_065,檔案類型,向量路徑結構,中級,150,single_choice,在向量設計中，一個外部大圓形內部挖空一個小圓形（如甜甜圈造型），在軟體中通常以何種物件結構實現？,複合路徑（Compound Path）,群組（Group）,圖層遮色片,智慧濾鏡,A,複合路徑（Compound Path）依據非零繞數或奇偶填色規則，將兩條獨立路徑合成為單一向量幾何物件，重疊處自動鏤空穿透。
VD_FILE_066,檔案類型,向量路徑結構,挑戰,200,single_choice,專業向量繪圖時，資深設計師強調節點應遵循「極值點法則（Extrema Points）」放置錨點，其優點為：,在曲線水平頂底與垂直左右極值處設點，能以最少錨點精準控制形狀，並確保 RIP 印刷解譯輸出最平滑防呆,使圖形自動填滿漸層色,防止檔案被轉為點陣圖,將線條寬度加粗兩倍,A,在 0°、90°、180°、270° 正交極值點落錨，控制手把恆為水平或垂直，不僅控制直覺，更符合字型光柵化渲染（Hinting）的最佳數學解。
VD_FILE_067,檔案類型,向量路徑結構,初級,100,speed_buzzer,在向量繪圖完成後，若路徑中有遺留未連接任何線條的「孤立錨點（Stray Points）」，在印前檢查中通常應該：,透過「清除（Clean Up）」功能全數刪除，避免印前輸出時發生 PostScript 錯誤或意外拉長版面邊界,保留它們當作印刷防偽標記,把它們的顏色塗成金色,將孤立點放大一千倍,A,孤立點是繪圖過程無意點擊留下的幽靈錨點，會幹擾整體版面邊界計算甚至在輸出製版時引發直出機故障，應全面清理。
VD_TOOL_001,影像設計工具應用,Photoshop核心技巧,初級,100,single_choice,在 Photoshop 中，為了保護原始照片不被破壞、隨時能反悔調整，專業修圖最重要的核心觀念是：,非破壞性編輯（Non-destructive Editing，使用遮色片、智慧型物件與調整圖層）,直接在原始背景圖層上用橡皮擦擦除像素,每次修圖前先將相片轉成低解析度黑白,每做一個動作就立刻合併所有圖層,A,非破壞性編輯透過遮色片（隱藏而非刪除像素）、智慧型物件（保護原始尺寸）與調整圖層，保留隨時重新微調的極致彈性。
VD_TOOL_002,影像設計工具應用,Photoshop核心技巧,初級,100,speed_buzzer,在 Photoshop 中，最經典常見的「色彩增值（Multiply）」圖層混合模式，其數學混合原理與視覺效果為何？,上下圖層數值相乘後除以 255，白色變完全透明，整體畫面變暗且黑色維持最黑,黑色變完全透明，整體畫面變亮,將所有顏色反轉為補色,自動增加高斯模糊濾鏡,A,色彩增值（Multiply）屬於變暗模式群組，任何顏色與白色相乘不變（白透），與黑色相乘為黑，是去除白色底圖或合成陰影的首選。
VD_TOOL_003,影像設計工具應用,Photoshop核心技巧,初級,100,single_choice,在 Photoshop 圖層混合模式中，與「色彩增值（Multiply）」完全相反、能將「黑色完全變透明、整體畫面變亮」的模式是：,濾色（Screen）,變暗（Darken）,顏色變淡（Color Dodge）,差異化（Difference）,A,濾色（Screen）屬於變亮模式群組，任何顏色與黑色混合維持原樣（黑透），與白色混合為純白，常用於合成火花、光暈、煙火與閃電。
VD_TOOL_004,影像設計工具應用,Photoshop核心技巧,中級,150,single_choice,在 Photoshop 中，結合了「色彩增值（暗部變更暗）」與「濾色（亮部變更亮）」、能顯著增強畫面整體反差對比的混合模式是：,覆蓋（Overlay）,正常（Normal）,溶解（Dissolve）,色相（Hue）,A,覆蓋（Overlay）以 50% 灰色為分界線，低於 50% 灰變暗（Multiply），高於 50% 灰變亮（Screen），能同時加深陰影並提亮高光增加對比。
VD_TOOL_005,影像設計工具應用,Photoshop核心技巧,中級,150,single_choice,在 Photoshop 中將普通點陣圖層轉換為「智慧型物件（Smart Object）」的最大好處是：,無論在版面上放大縮小旋轉多少次，原始影像的高畫質像素資訊皆被完整封裝保護，反覆縮放絕不產生額外畫質耗損,檔案容量會瞬間減少 99%,可以在沒有開啟電腦的情況下自動完成修圖,自動將所有字型轉為向量路徑,A,智慧型物件如同步封裝了原始來源檔。普通圖層縮小再放大會立即模糊損毀；智慧型物件始終保留原始高解析基底。
VD_TOOL_006,影像設計工具應用,Photoshop核心技巧,初級,100,speed_buzzer,在 Photoshop 中進行精密去背（例如去除複雜平滑的汽車金屬曲面或工業產品邊緣）時，公認最精準乾淨的工具是：,鋼筆工具（Pen Tool，繪製向量路徑）,魔術棒工具（Magic Wand）,磁性套索工具（Magnetic Lasso）,一般大號橡皮擦,A,鋼筆工具能透過精確的貝茲曲率平滑勾勒產品輪廓，邊緣精準銳利且可無限微調轉為選取範圍，是專業商品修圖去背唯一標準。
VD_TOOL_007,影像設計工具應用,Photoshop核心技巧,中級,150,single_choice,在調整相片曝光與對比時，專業攝影師偏好使用「曲線（Curves）」而非簡單的「亮度/對比」，其優勢為何？,可以在 0~255 的階調直方圖上自由設定控制點，精確獨立控制暗部、中間調與高光的斜率反差（如經典 S 型曲線）,曲線功能能自動消除所有背景人物,曲線能將黑白照自動上色成四色印刷,曲線完全不消耗記憶體,A,曲線（Curves）允許對色階各區段獨立控制斜率，S 形曲線能在提亮高光的同時壓暗暗部，精確塑造出富有戲劇張力的光影立體感。
VD_TOOL_008,影像設計工具應用,Photoshop核心技巧,中級,150,single_choice,修飾人像皮膚瑕疵、粉刺痘疤或消除畫面雜物時，能自動分析取樣周邊紋理、光影並完美無痕融合的必備修圖工具是：,污點修復筆刷工具（Spot Healing Brush Tool）,油漆桶工具（Paint Bucket）,鉛筆工具（Pencil Tool）,銳利化工具（Sharpen Tool）,A,污點修復筆刷內部包含高階紋理合成演算法，自動偵測瑕疵邊緣外的皮膚光影與毛孔結構，達成自然撫平修飾。
VD_TOOL_009,影像設計工具應用,Photoshop核心技巧,挑戰,200,single_choice,人像高級商業修圖常採用的「高低頻修圖法（Frequency Separation）」，其核心技術原理是：,將人像影像拆分為「低頻圖層（負責大面積光影、膚色色調）」與「高頻圖層（負責皮膚細膩毛孔與髮絲紋理）」分別獨立修飾,把影像高解析度與低解析度合併相加,將高音頻與低音頻音樂合成入影像,使用極高頻率快速閃爍螢幕,A,高低頻分離利用高斯模糊與套用影像演算法，使修圖師在撫平膚色色斑（低頻）時，絲毫不破壞皮膚原生的真實毛孔肌理（高頻）。
VD_TOOL_010,影像設計工具應用,Photoshop核心技巧,初級,100,single_choice,在 Photoshop 中，若需要將調整效果（例如色相/飽和度）「僅僅套用在下方緊鄰的單一圖層」，而不影響更下方的其他圖層，應建立：,剪裁遮色片（Clipping Mask）,圖層群組（Group）,快速選取範圍,智慧濾鏡,A,剪裁遮色片（快捷鍵 Alt/Option 點擊兩圖層交界處）能限制調整圖層或上層圖案只在底層圖層的像素範圍內生效顯示。
VD_TOOL_011,影像設計工具應用,Photoshop核心技巧,中級,150,single_choice,在針對人物飄逸長髮或動物毛皮進行細膩去背時，通常會使用選取範圍工作區中的哪項功能？,「選取並遮住（Select and Mask）」中的「調整邊緣筆刷工具（Refine Edge Brush）」,矩形選取畫面工具,直接點擊反轉選取,馬賽克濾鏡,A,調整邊緣筆刷能自動計算毛髮與半透明背景交界處的微弱反差，自動剔除底色並完美擷取根根分明的細微髮絲。
VD_TOOL_012,影像設計工具應用,Photoshop核心技巧,初級,100,speed_buzzer,在 Photoshop 中，快速將畫面放大至 100% 實際像素檢視的快捷鍵（Windows / Mac）是：,Ctrl + 1 / Cmd + 1（或連按兩下縮放工具）,Ctrl + 0 / Cmd + 0（此為符合螢幕大小）,Ctrl + Shift + S,Alt + F4,A,Ctrl+1 (Cmd+1) 為 100% 原始像素對應；Ctrl+0 (Cmd+0) 為符合螢幕視窗（Fit on Screen）。
VD_TOOL_013,影像設計工具應用,Photoshop核心技巧,中級,150,single_choice,在使用 Photoshop「液化（Liquify）」濾鏡修飾人體身形或微調微笑曲線時，為了防止人物身後的背景柱子或磁磚線條跟著扭曲變形，應使用：,凍結遮色片工具（Freeze Mask Tool）塗抹保護背景區域,直接將背景刪除,降低螢幕亮度,將液化筆刷壓力開到 100%,A,凍結遮色片工具（紅筆刷）能鎖定指定區域像素，使其在進行推移拉伸變形操作時完全固定不動，避免破綻。
VD_TOOL_014,影像設計工具應用,Photoshop核心技巧,挑戰,200,single_choice,Photoshop 色彩調整工具中，「色階（Levels）」面板下方的「輸入色階（Input Levels）」三個三角形滑桿，由左至右分別代表調整影像的：,黑點（陰影/Shadows）、灰點（中間調/Midtones/Gamma）、白點（高光/Highlights）,紅、綠、藍通道能量,飽和度、對比度、銳利度,透明度、圖層數、像素大小,A,色階面板左滑桿定義純黑起點（0），中間滑桿調整 Gamma 中間調明暗分佈，右滑桿定義純白飽和截斷點（255）。
VD_TOOL_015,影像設計工具應用,Photoshop核心技巧,中級,150,single_choice,當為圖層套用「高斯模糊（Gaussian Blur）」濾鏡時，若該圖層為智慧型物件，濾鏡會以何種形式存在？,「智慧型濾鏡（Smart Filter）」，自帶獨立遮色片，隨時可重新雙擊修改半徑像素數值且畫質可逆,永久烘焙在像素上無法再次修改,自動將圖層轉為向量路徑,立即關閉圖層顯示,A,智慧型濾鏡具備無損即時性，隨時能重開對話盒更動濾鏡強度，並可透過濾鏡遮色片塗黑局部抹除模糊效果。
VD_TOOL_016,影像設計工具應用,Photoshop核心技巧,初級,100,single_choice,Photoshop 的「仿製印章工具（Clone Stamp Tool）」在修圖取樣前，必須按住哪一個鍵不放並點擊滑鼠左鍵以指定取樣參考來源？,Alt 鍵（Mac 為 Option 鍵）,Shift 鍵,Ctrl 鍵（Mac 為 Cmd 鍵）,空白鍵（Spacebar）,A,按住 Alt/Option 鍵點選目標區域，游標會變為十字準星鎖定取樣源錨點，隨後即可在目標位置複製塗刷紋理。
VD_TOOL_017,影像設計工具應用,Photoshop核心技巧,挑戰,200,single_choice,Photoshop Camera Raw 濾鏡中的「清晰度（Clarity）」與「去朦朧（Dehaze）」功能，其演算法上的差異在於：,Clarity 增強局部中間調對比度以強化邊緣細節質感；Dehaze 依據大氣散射光學模型消除空氣霧霾並深度還原對比飽和度,兩者皆為單純提高整體飽和度,Clarity 只對人臉生效，Dehaze 只對水滴生效,兩者是同一個演算法的兩個按鈕,A,Clarity 鎖定 Midtone Contrast 不會造成亮部爆掉；Dehaze 分析景深大氣光吸收衰減，對霧霾風景透亮化極具奇效。
VD_TOOL_018,影像設計工具應用,Photoshop核心技巧,初級,100,speed_buzzer,在畫布編輯中，臨時需要按住某鍵將滑鼠游標切換成「抓手工具（Hand Tool）」以拖曳滾動畫面視野，最直覺全軟體通用的按鍵是：,空白鍵（Spacebar）,Tab 鍵,Esc 鍵,Caps Lock 鍵,A,長按空白鍵可暫時切換抓手平移畫布視野，放開即還原回原編輯工具，是所有 Adobe 軟體最高頻快捷鍵。
VD_TOOL_019,影像設計工具應用,Photoshop核心技巧,中級,150,single_choice,Photoshop 圖層樣式（Layer Styles）中的「斜角與浮雕（Bevel & Emboss）」，若希望產生真實自然的光影立體感，通常建議勾選：,「使用通用光源（Use Global Light）」，確保全畫面上所有圖層的陰影與高光角度維持統一方向,隨機光源模式,完全關閉陰影不透明度,角度設定為負 900 度,A,通用光源（Global Light）確保同場景下所有倒角、浮雕與陰影的投射光源角度保持物理一致性，防止畫面視覺邏輯自相矛盾。
VD_TOOL_020,影像設計工具應用,Photoshop核心技巧,挑戰,200,single_choice,當影像中包含微小噪點或雜訊時，採用「表面模糊（Surface Blur）」相比一般高斯模糊的最大優勢是：,能在平滑均勻色塊內部雜訊的同時，精準保留畫面高反差邊緣線條的銳利度而不糊掉輪廓,將所有噪點轉化為彩色星星圖案,檔案容量自動縮小一半,自動將點陣圖向量化,A,表面模糊是邊緣保留模糊濾鏡（Edge-preserving），只模糊閾值內的細微色階差異，遇強反差輪廓則停止平滑。
VD_TOOL_021,影像設計工具應用,Illustrator向量技術,初級,100,single_choice,在 Adobe Illustrator 中，用來布林運算多個形狀（如聯集、減去上層、交集、差集）最常用的面板是：,路徑管理員（Pathfinder）,色彩色票面板,字元面板,圖層遮色片面板,A,路徑管理員（Pathfinder）提供經典的布林集合運算，是快速組合格形或切割向量圖形的基石面板。
VD_TOOL_022,影像設計工具應用,Illustrator向量技術,初級,100,speed_buzzer,在 Illustrator 中，比傳統路徑管理員更加直覺神速、只需按住滑鼠直接在重疊向量色塊上畫線拖曳即可合併或按 Alt 點擊刪除的革命性工具是：,形狀建立程式工具（Shape Builder Tool，快捷鍵 Shift + M）,剪刀工具（Scissors Tool）,美工刀工具（Knife Tool）,套索工具（Lasso Tool）,A,形狀建立程式（Shift+M）允許設計師以手繪筆畫直覺滑過多個重疊區域快速合併成新形狀，大幅簡化繁複布林操作。
VD_TOOL_023,影像設計工具應用,Illustrator向量技術,初級,100,single_choice,Illustrator 工具箱中黑箭頭（選取工具，V）與白箭頭（直接選取工具，A）的核心功能差別是：,黑箭頭選取並移動「整個物件或群組」；白箭頭專門選取並編輯路徑上的「單一錨點或特定線段與控制把手」,黑箭頭只能塗黑色，白箭頭只能塗白色,黑箭頭專門刪除檔案，白箭頭專門開啟檔案,兩者完全相同無任何差異,A,選取工具（V）操作物件層級；直接選取工具（A）深入幾何結構內部，能精細點選移動特定單一錨點或調節手把曲率。
VD_TOOL_024,影像設計工具應用,Illustrator向量技術,中級,150,single_choice,在 Illustrator 中，若為一條粗線條套用了描邊（Stroke），當等比放大整個圖形時線條突然顯得過細失衡，這是因為未在偏好設定中勾選：,「等比縮放筆畫和效果（Scale Strokes & Effects）」,「強制線條寬度為 1pt」,「色彩自動轉換為 CMYK」,「刪除所有隱藏錨點」,A,若未勾選縮放筆畫和效果，物件放大十倍時 5pt 描邊依然只有 5pt，導致比例嚴重失衡；勾選後筆畫會隨外形尺寸成正比等比縮放。
VD_TOOL_025,影像設計工具應用,Illustrator向量技術,中級,150,single_choice,在製作複雜商標或幾何圖徽時，若希望將一個帶有粗描邊的向量線條，永久轉化為「封閉的填色實體幾何外框」，應執行：,「物件 > 路徑 > 外框化筆畫（Outline Stroke）」,「檔案 > 匯出為 JPG」,「編輯 > 清除全部」,「檢視 > 參考線 > 隱藏」,A,外框化筆畫（Outline Stroke）將線條的輪廓邊界生成實體向量面，解決輸出時因軟體解譯導致線寬跑掉的問題。
VD_TOOL_026,影像設計工具應用,Illustrator向量技術,初級,100,single_choice,在 Illustrator 中繪製完美的正方形、正圓形，或拉動水平/垂直 45 度筆直線條時，應按住鍵盤上的哪一個鍵？,Shift 鍵,Alt 鍵,Ctrl 鍵,Caps Lock 鍵,A,Shift 鍵為幾何幾何約束鍵，能強制限制寬高比為 1:1 或約束移動角度為 45°、90° 正交角。
VD_TOOL_027,影像設計工具應用,Illustrator向量技術,中級,150,speed_buzzer,在 Illustrator 向量設計中，能夠在「單一向量路徑物件」上同時疊加「多層獨立填色、多層描邊與多個獨立即時效果」的強大面板是：,外觀面板（Appearance Panel）,色彩色票面板,字元樣式面板,動作面板,A,外觀面板（Appearance）是 Illustrator 最核心的高階引擎，能在單一物件堆疊多層填色/描邊/效果，是製作現代擬真質感的關鍵。
VD_TOOL_028,影像設計工具應用,Illustrator向量技術,挑戰,200,single_choice,Illustrator 中的「網格工具（Gradient Mesh Tool）」能創造如同寫真照片般細膩立體的肌理光影，其核心向量機制為：,在封閉路徑內部生成可彎曲的經緯網格，每個網格節點皆可獨立賦予相異色彩，並在節點間產生多向平滑過渡,自動將點陣相片壓縮至向量檔中,在畫面隨機撒上數位雜訊顆粒,直接套用 3D 物理重力引擎,A,漸層網格（Gradient Mesh）建立多維向量拓撲網面，每個交點節點具備獨立色彩與曲率控制桿，能精準描繪汽車鈑金反光與擬真人臉肌膚。
VD_TOOL_029,影像設計工具應用,Illustrator向量技術,中級,150,single_choice,當繪製地圖或複雜平面圖形時，若希望「沿著向量路徑均勻平鋪圖案（如鐵路軌道、拉鍊、花邊邊框）」，應建立何種筆刷？,花紋筆刷（Pattern Brush）,線條筆刷,散落筆刷（Scatter Brush）,毛筆筆刷,A,花紋筆刷（Pattern Brush）能定義側邊、外角、內角、起點與終點圖案單元，並自動沿著任何曲折路徑無縫鋪展。
VD_TOOL_030,影像設計工具應用,Illustrator向量技術,初級,100,single_choice,在 Illustrator 中按快捷鍵「Ctrl + Y（Mac 為 Cmd + Y）」，畫面會瞬間切換成只有純黑色細線輪廓，這是什麼檢視模式？,外框檢視模式（Outline Mode / 輪廓模式）,黑白列印預覽模式,全螢幕簡報模式,RGB 溢色模式,A,外框模式（Outline View）隱藏所有填色、筆畫粗細與特殊效果，僅展示骨架向量座標路徑，便於精準對位重疊節點。
VD_TOOL_031,影像設計工具應用,Illustrator向量技術,中級,150,single_choice,若需要將同一款標誌在多個畫板（如名片、信封、招牌）中反覆使用，且希望「只要修改母體，其他所有子體全部自動同步更新」，應將該圖案定義為：,符號（Symbol Panel）,單純群組（Group）,圖層遮色片,色票,A,符號（Symbols）具備母體組件實例（Instance）連動特性，修改符號主體時，畫面中數百個引用實例將全部自動即時連鎖更新。
VD_TOOL_032,影像設計工具應用,Illustrator向量技術,挑戰,200,single_choice,在 Illustrator 中製作重複無縫平鋪紋理（Seamless Pattern）時，執行「物件 > 圖樣 > 製作（Pattern Make）」，設計師可以：,在動態磚格介面中直觀調整拼貼重疊重疊度、間距與排磚方式（如網格、磚形或欄鋪），即時預覽全場無縫拼接效果,將點陣圖自動轉成 3D 模型,使圖案自動發出霓虹光彩,直接連線列印廠噴墨印刷,A,現代圖樣編輯工具（Pattern Tool）提供直覺的 Tile 拼貼控制架構，自動計算邊界互補，徹底消除傳統手工拼接的接縫瑕疵。
VD_TOOL_033,影像設計工具應用,Illustrator向量技術,初級,100,speed_buzzer,將上方多個向量圖形框選後，執行快捷鍵「Ctrl + G（Mac 為 Cmd + G）」，其作用為：,將選取的物件編為一組「群組（Group）」,直接刪除選取的物件,將填色全部改為綠色（Green）,輸出為 GIF 檔案,A,Ctrl+G (Cmd+G) 是將多個零散物件打包封裝為單一群組（Group）的標準快捷鍵。
VD_TOOL_034,影像設計工具應用,Illustrator向量技術,中級,150,single_choice,在繪製幾何圖示時，若希望將一個矩形的「四個尖角轉為滑順圓角」，在現代 Illustrator 中最直覺的操作是：,直接點選並拖曳角頂內部出現的圓形「即時即刻動態轉角小圓點（Live Corner Widget）」,使用橡皮擦工具手工削去尖角,匯入外部 3D 軟體削角,只能重新繪製圓角矩形,A,Live Corners（動態轉角控制點）允許透過直接拖曳錨點旁的圓點即時自訂圓角半徑與轉角型態（凹角、倒角或圓角）。
VD_TOOL_035,影像設計工具應用,Illustrator向量技術,挑戰,200,single_choice,Illustrator 的「不透明度遮色片（Opacity Mask）」相較於一般剪裁遮色片（Clipping Mask）的強大特色在於：,能依據遮色片物件的「黑白灰階調或漸層透明度」，產生細膩的半透明羽化漸層透明遮色效果,只能進行全透或不透兩段式剪裁,會強制將檔案轉成黑白模式,無法在任何印刷品中輸出,A,剪裁遮色片是純硬邊幾何裁切；不透明度遮色片利用灰階值映射透明度，支援以漸層色塊或點陣圖製造豐富柔和的羽化消隱效果。
VD_TOOL_036,影像設計工具應用,Illustrator向量技術,初級,100,single_choice,在 Illustrator 中，用來剪斷開放或封閉路徑，將單一路徑在點擊處切斷分成兩段的工具是：,剪刀工具（Scissors Tool，快捷鍵 C）,鋼筆工具,旋轉工具,縮放工具,A,剪刀工具（C）專門在特定點精準剪斷向量線段或錨點；美工刀則是以手繪軌跡切割封閉形狀。
VD_TOOL_037,影像設計工具應用,Illustrator向量技術,中級,150,single_choice,在排版設計多頁手冊時，Illustrator 支援在單一檔案內建立多個不同尺寸與方向的畫布，該功能稱為：,多重工作區域（Multiple Artboards）,多重色票庫,多重混合模式,虛擬記憶體分頁,A,工作區域（Artboards）能讓設計師在單一 AI 專案檔案中同時編排封面、內頁、名片等多個獨立頁面並個別批次匯出。
VD_TOOL_038,影像設計工具應用,Illustrator向量技術,挑戰,200,speed_buzzer,在 Illustrator 中使用「自由扭曲」或「封套扭曲（Envelope Distort）」中的「以彎曲製作（Make with Warp）」，其核心優勢為：,將內部文字與向量幾何圖形即時依照弧形、旗形或魚眼等網格形變，且文字本體仍維持可雙擊編輯內容之動態特性,強制將所有向量轉成點陣低解析圖,自動將顏色改為互補色,使圖形無法進行儲存,A,封套扭曲建立非破壞性幾何變形容器，內部文字不需轉外框即可享受動態弧曲變形，且內容文字仍可隨時修改。
VD_TOOL_039,影像設計工具應用,Illustrator向量技術,中級,150,single_choice,在 Illustrator 中，欲精確將多個不同大小的物件「垂直置中對齊」或「平均分散水平間距」，應使用的功能面板是：,對齊面板（Align Panel）,圖層面板,筆畫面板,導航器面板,A,對齊面板（Align）提供物件與物件間、或物件與工作區域間的邊界對齊與關鍵物件等距均分排布功能。
VD_TOOL_040,影像設計工具應用,Illustrator向量技術,初級,100,single_choice,在 Illustrator 完成設計準備交付網頁工程師時，選取特定圖示右鍵點擊執行「收集以供匯出（Collect for Export）」，可達成：,"快速批次匯出該圖示的 1x, 2x, 3x PNG 以及純淨向量 SVG 格式",自動將專案上傳至印表機列印,清除電腦所有快取垃圾,將圖示永久刪除,A,資產匯出面板（Asset Export）專為現代數位產品流程設計，能將多個向量圖示一鍵批次輸出各種尺寸與格式資源包。
VD_TOOL_041,影像設計工具應用,InDesign排版技巧,初級,100,single_choice,在出版多頁數書籍、雜誌、型錄長文件編排時，業界公認無可取代的專業排版軟體之王是：,Adobe InDesign,Photoshop,Premiere,After Effects,A,InDesign 是長篇多頁出版排版領域的行業標準，專精於主版架構、海量文字流、目錄引文、跨頁編排與精確印前封裝。
VD_TOOL_042,影像設計工具應用,InDesign排版技巧,初級,100,speed_buzzer,在 InDesign 中，若希望每頁底部都自動出現「固定格式的頁碼、章節名稱與頁首頁尾」，應將這些元素放置在：,主版頁面（Parent / Master Page）,一般普通內容頁面,色票面板,剪貼簿,A,主版（Parent Page）是多頁出版的範本母版，任何繪製在主版上的物件（如自動頁碼代碼、頁眉頁腳）會自動套用至所有綁定的子頁面。
VD_TOOL_043,影像設計工具應用,InDesign排版技巧,中級,150,single_choice,在 InDesign 插入「自動頁碼（Current Page Number）」的標準鍵盤快捷指令為：,Ctrl + Alt + Shift + N（Mac 為 Cmd + Option + Shift + N）,直接用鍵盤打上數字 1,按三次 Enter 鍵,隨機輸入英文單字,A,插入特殊字元中的目前頁碼標記，在主版上會顯示為字母 'A'，套用至內頁時即會自動依章節頁次動態轉為實體連續頁碼。
VD_TOOL_044,影像設計工具應用,InDesign排版技巧,中級,150,single_choice,排版數百頁的書籍時，為了確保全書所有「章節大標題」的字型、字級、行距、顏色與段落前間距絕對統一，並能一鍵全書連鎖修改，必須嚴格使用：,段落樣式（Paragraph Styles）,手動逐一選取文字手動改字級,把每頁標題截圖貼上,使用橡皮擦工具塗抹,A,段落樣式是專業出版的靈魂核心，定義標題或內文排印規範，修改樣式設定時，全書所有引用該樣式的段落瞬間全自動同步更新。
VD_TOOL_045,影像設計工具應用,InDesign排版技巧,挑戰,200,single_choice,InDesign 中的「字元樣式（Character Styles）」與「段落樣式（Paragraph Styles）」的層級包含關係為何？,段落樣式規範整個段落基礎設定，字元樣式則用於覆蓋段落內部「特定幾個字元」（如局部粗體、劃底線或特定顏色）,字元樣式包含段落樣式，段落樣式不能單獨存在,兩者是同義字，完全沒有功能區別,字元樣式只能用在英文，段落樣式只能用在中文,A,段落樣式管轄整段（以換行符號為邊界）；字元樣式專門局部覆蓋段落樣式內部特定詞彙（Inline Styling），層級高於段落樣式。
VD_TOOL_046,影像設計工具應用,InDesign排版技巧,中級,150,single_choice,在 InDesign 文字框排版時，當框內文字量大於框架尺寸，右下角會出現一個「紅色的含加號的小方塊（[+]）」，這代表：,溢排文字（Overset Text，有未顯示出來的文字被隱藏擠出框架外部）,文字內容有嚴重的錯別字語法錯誤,印表機墨水即將耗盡,已成功連線至雲端資料庫,A,紅色 [+] 代表溢排（Overset Text），提醒排版師文字超出了文字框範圍，必須拉大文字框或串聯串流文字框至下一頁。
VD_TOOL_047,影像設計工具應用,InDesign排版技巧,初級,100,single_choice,承上題，點擊該紅色 [+] 溢排圖示，滑鼠游標會吸附文字流，再點擊下一個文字框，即可將兩者建立：,文字串聯（Text Threading / 文字串流鏈結）,圖層鎖定,外觀合併,轉外框向量化,A,串聯（Text Threading）讓長文在多個文字框或跨頁面之間像流水般自然順流銜接，前框增刪文字時後框內容自動推進。
VD_TOOL_048,影像設計工具應用,InDesign排版技巧,中級,150,speed_buzzer,在圖文混排時，若希望圖片周圍的文字能夠「自動避開圖片輪廓，繞著圖片邊緣流動」，應開啟哪一個功能？,文字繞圖（Text Wrap）,影像描圖（Image Trace）,路徑文字工具,混合模式,A,文字繞圖（Text Wrap）設定物件周邊的排斥邊界，讓鄰近文字框內容依照設定距離自動避讓圖片、形狀或向量物件。
VD_TOOL_049,影像設計工具應用,InDesign排版技巧,挑戰,200,single_choice,在 InDesign 中編排完成整本書籍準備發包印前輸出時，設計師必須執行的最關鍵功能是「檔案 > 封裝（Package）」，其核心作用是：,自動將專案用到的所有「字型檔案、高解析度連結圖片、色彩描述檔與 InDesign 檔案」整合成獨立資料夾並產生報表,將整本書轉化為不可修改的單張低解 JPG,自動刪除所有原創圖層防止盜版,把檔案容量自動壓縮成 0 KB,A,InDesign 預設以連結（Link）引用外部高解析圖與字型。封裝功能會自動將散落硬碟各處的所有素材完整打包歸檔，徹底防止印前掉圖缺字。
VD_TOOL_050,影像設計工具應用,InDesign排版技巧,中級,150,single_choice,在 InDesign 連結面板（Links Panel）中，若某張置入的圖片旁出現「黃色三角形驚嘆號」，代表什麼狀態？,已修改的連結（Modified Link）：原始硬碟檔案被外部軟體修改過，內容與版面目前顯示不同步，需點擊更新,圖片解析度太高導致當機,印刷機已經完成列印,圖片具有版權爭議即將被銷毀,A,黃色驚嘆號表示磁碟上的來源影像時間戳記改變，需雙擊更新連結；紅色問號則代表檔案路徑遺失（Missing Link）。
VD_TOOL_051,影像設計工具應用,InDesign排版技巧,初級,100,single_choice,在 InDesign 中，框架（Frame，矩形框內帶有 X 對角線）與形狀（Shape）的本質差異為：,框架專門作為容器（Container），用來置入放置圖片或充當文字容器；形狀則單純為幾何繪圖向量面,框架只能印成黑色,形狀無法設定任何背景顏色,兩者是微軟 Office 專屬名詞，InDesign 沒有此區分,A,InDesign 具備獨特的「容器/內容物（Container vs Content）」架構，框架框身可自由裁切、定位與調整內部置入的圖片。
VD_TOOL_052,影像設計工具應用,InDesign排版技巧,中級,150,single_choice,將一張大圖片置入 InDesign 框架後，快速讓圖片「保持長寬比等比例填滿整個框架、且不留任何白邊」的框架調整指令是：,等比例填滿框架（Fill Frame Proportionally）,非等比例強制拉伸壓扁,將框架縮小為 1 像素,將圖片轉為黑白,A,等比例填滿框架（Fit Content to Frame Proportionally）按比例縮放圖片至剛好完全遮蓋框架，保證外觀填滿且圖形不變形。
VD_TOOL_053,影像設計工具應用,InDesign排版技巧,挑戰,200,single_choice,InDesign 的「首字放大（Drop Cap）」功能通常在段落樣式中如何設定？,指定放大首字佔據的「行數（Lines）」以及放大的「字元數（Characters）」,手動將第一個字拉大十倍並移動位置,把第一個字換成圖片貼在段落前,透過手繪鉛筆描繪,A,首字放大是古典西方書籍排版傳統，InDesign 內建精準參數，設定行數（如 3 行高）與字數（1 字），文字流自動精密繞排。
VD_TOOL_054,影像設計工具應用,InDesign排版技巧,中級,150,speed_buzzer,"在編排雜誌目錄時，InDesign 提供的「目錄（Table of Contents, TOC）」自動產生功能，其擷取章節名稱與頁碼的依據是：",自動檢索全書內文中所套用的特定「段落樣式」（如『章節主標題』樣式）,依據設計師手動輸入在記事本的字串,依據圖片檔案名稱排序,隨機抽樣版面上的粗體文字,A,TOC 引擎會自動抓取所有指定樣式（如 Heading 1）的文字字串與其所在頁碼，自動排版生成帶有定位點前導線的專業目錄。
VD_TOOL_055,影像設計工具應用,InDesign排版技巧,初級,100,single_choice,在 InDesign 畫面中按下單一快捷鍵「W」（在未進入文字輸入狀態時），其快速功能為：,切換「預視模式（Preview Mode）」與正常模式，瞬間隱藏所有格線、輔助線、出血線與框架邊界,自動將整頁文件儲存並發送電子郵件,將文字轉換為大寫,關閉所有排版視窗,A,按 W 鍵可快速在工作模式（滿佈框線與溢墨出血）與乾淨預視模式（模擬真實成書裁切效果）之間切換，極度高頻好用。
VD_TOOL_056,影像設計工具應用,Figma與現代UI工具,初級,100,single_choice,Figma 相較於傳統單機設計軟體（如早期 Photoshop），最革命性的核心特徵是什麼？,基於 Web 瀏覽器引擎、支援多名設計師在同一個畫布上進行「即時多人協同設計（Real-time Collaboration）」與雲端無縫存檔,只能在斷網環境下使用,完全不支援任何向量鋼筆工具,每次存檔必須手動匯入隨身碟,A,Figma 採用 WebAssembly 與 CRDT 演算法，實現了如同 Google Docs 般的超流暢多人同步即時共同協作，徹底顛覆了現代 UI/UX 工作流。
VD_TOOL_057,影像設計工具應用,Figma與現代UI工具,初級,100,speed_buzzer,Figma 中極其強大、能讓元素隨著內容多寡「自動增減長度、調整內距與間距」的彈性排版技術稱為：,自動佈局（Auto Layout，快捷鍵 Shift + A）,圖層柵格化,固定絕對定位,像素鎖定,A,Auto Layout 模擬了前端 CSS Flexbox 彈性盒子原理，按鈕文字變長時按鈕自動變寬，列表增減項目時卡片自動平移，極大降低維護成本。
VD_TOOL_058,影像設計工具應用,Figma與現代UI工具,中級,150,single_choice,在 Figma 設計系統（Design System）中，「組件（Component）」與「實例（Instance）」的運作關係是：,修改母體組件（Main Component）會自動連動更新全專案所有實例；實例亦允許局部覆寫（Override）文字與顏色,實例一旦修改，母體組件會自動被刪除,組件只能在同一頁面使用一次,實例完全不允許任何樣式變更,A,Component（母體）定義 UI 單元架構規範，Instance（分身/實例）繼承母體屬性，能極高效率維護整套龐大跨平台產品介面一致性。
VD_TOOL_059,影像設計工具應用,Figma與現代UI工具,中級,150,single_choice,在 Figma 的組件架構中，將同一按鈕的「預設狀態、懸停 Hover、點擊 Active、禁用 Disabled」等多個子狀態集合為單一模組，稱為：,變體（Variants / 變形組件組）,圖層遮色片,混合模式群組,動態向量形狀,A,"Variants 將同類組件的各種狀態或尺寸維度整合成單一屬性切換選單（如 Size: Small/Medium, State: Hover），大幅精簡資產庫。"
VD_TOOL_060,影像設計工具應用,Figma與現代UI工具,挑戰,200,single_choice,在企業級設計系統中廣泛採用的「Design Tokens（設計標記）」，其最核心價值為何？,將設計樣式（如主色 #0066FF、字級 16px、圓角 8px）抽象定義為語意化變數（如 color-primary），無縫串接設計稿與工程前端程式碼,用來在區塊鏈上鑄造 NFT,強制將所有設計稿加密防止查看,用來計算設計師的按鍵打字速度,A,Design Tokens 是設計與程式碼的共同通用語言，當品牌主色更新時，工程端只需變更 Token 數值即可全站 App 與 Web 一鍵換膚。
VD_TOOL_061,影像設計工具應用,Figma與現代UI工具,初級,100,single_choice,在 Figma 中，最基礎的容器單元不再是傳統的畫布或畫板，而是功能強大具備嵌套能力的：,Frame（框架容器）,Group（一般群組）,Canvas（畫布）,Slice（切片）,A,Frame 具備畫布容器性質，支援自身尺寸響應約束（Constraints）、Auto Layout、裁剪內容（Clip Content）與網格系統，超越傳統 Group。
VD_TOOL_062,影像設計工具應用,Figma與現代UI工具,中級,150,speed_buzzer,在 Figma 中為框架內部的物件設定「約束條件（Constraints）」，例如設為「Left and Right」或「Center」，其作用為：,定義當母框架（Parent Frame）被拉伸縮放時，子物件如何對應維持相對位置或縮放比例,完全鎖定物件讓滑鼠無法移動,防止未授權人員匯出圖片,自動為物件添加三維物理重力,A,Constraints 模擬響應式螢幕拉伸，指定子元素是固定貼齊邊界、保持中央對齊或按百分比流暢拉伸。
VD_TOOL_063,影像設計工具應用,Figma與現代UI工具,中級,150,single_choice,在 Figma 中，若需要建立可點擊跳轉頁面、帶有彈出視窗（Overlay）或微互動動畫的原型展示，應切換至哪一個標籤面板？,Prototype（原型面板）,Design（設計面板）,Inspect（檢視面板）,Plugins（外掛面板）,A,"Prototype 面板能透過拖拉交互節點線條（Spaghetti lines），設定觸發事件（OnClick, OnHover）、導航動作與 Smart Animate 動畫過渡。"
VD_TOOL_064,影像設計工具應用,Figma與現代UI工具,挑戰,200,single_choice,Figma 原型引擎中的「智慧動畫（Smart Animate）」功能，其自動補間動畫的匹配邏輯是基於：,比對相鄰畫框中「圖層名稱與圖層層級結構完全相同」的物件，自動計算其位置、尺寸、旋轉與透明度的流暢補間,隨機挑選兩個圖形進行爆發動畫,自動透過 AI 重新繪製整張插圖,直接截圖做淡出淡入,A,Smart Animate 嚴格依據圖層名稱（Layer Name）匹配，只要兩頁面物件名稱相同，引擎會精確平滑內插所有幾何樣式變化。
VD_TOOL_065,影像設計工具應用,Figma與現代UI工具,初級,100,single_choice,現代產品團隊在完成 UI 設計後交付前端工程師，Figma 提供的「Dev Mode（開發者模式）」最顯著的優勢是：,工程師可直接點選元素獲取準確的 CSS/iOS/Android 數值代碼、量測像素間距並下載對應切圖，免去手動標註規格書,自動幫工程師寫完所有後端 SQL 資料庫,將設計稿直接轉換為 App Store 上架二進位檔,完全不允許工程師查看設計圖,A,Dev Mode 專門為工程實作量身打造，提供清晰的程式碼檢查器、間距量測與資產導出，消弭設計與開發溝通鴻溝。
VD_TOOL_066,影像設計工具應用,Figma與現代UI工具,挑戰,200,single_choice,在 Figma 鋼筆工具繪製向量圖形時，其支援傳統 Illustrator 所沒有的「向量網格（Vector Networks）」架構，其最大特性為：,單一錨點上可以分支出三條或更多條路徑線段，而不受限於一筆劃雙向連續線條的傳統限制,只能繪製正圓形,只能使用黑白兩色,完全不具備貝茲把手,A,Vector Networks 突破了傳統路徑「只有兩個端點」的圖論限制，允許節點向任意方向發散連結多條線段，構建多邊形網格極度高效。
VD_TOOL_067,影像設計工具應用,Figma與現代UI工具,中級,150,speed_buzzer,在 Figma 中，若要快速選取同一個畫框內「所有使用相同主色或字型」的多個零散圖層，最神速的原生選取指令是：,「Edit > Select All with Same...（選取所有相同屬性元素）」,手動按著 Shift 逐一點選數千個圖層,關閉軟體重新開啟,將所有圖層全數合併為點陣圖,A,Select All with Same Fill / Stroke / Font 能一秒批次撈出畫面所有共用某樣式的物件，是快速重構設計系統的超高效指令。
VD_CIS_001,CIS 品牌識別系統,CIS三大核心架構,初級,100,single_choice,"企業識別系統（Corporate Identity System, CIS）是由哪三大核心子系統所構成？",理念識別（MI）、行為識別（BI）、視覺識別（VI）,軟體（SW）、硬體（HW）、韌體（FW）,設計（Design）、行銷（Marketing）、銷售（Sales）,商標（Logo）、包裝（Package）、海報（Poster）,A,CIS 完整架構包含心（理念識別 Mind Identity）、身（行為識別 Behavior Identity）、面（視覺識別 Visual Identity）三位一體。
VD_CIS_002,CIS 品牌識別系統,CIS三大核心架構,初級,100,speed_buzzer,在 CIS 三大架構中，被喻為企業的「心臟與靈魂」、掌管企業經營哲學、使命願景與核心價值觀的是：,MI（Mind Identity / 理念識別）,VI（Visual Identity / 視覺識別）,BI（Behavior Identity / 行為識別）,UI（User Interface）,A,MI（理念識別）是企業精神最高指導原則，定義了企業為何而存在（Why）、核心信仰與長期願景，是 BI 與 VI 的原動力。
VD_CIS_003,CIS 品牌識別系統,CIS三大核心架構,初級,100,single_choice,CIS 中，規範企業內部員工教育培訓、客戶服務準則、社會公益回饋與對外公關危機處理方針的系統屬於：,BI（Behavior Identity / 行為識別）,MI（理念識別）,VI（視覺識別）,AI（人工智慧）,A,BI（行為識別）將 MI 理念轉化為組織內部體制管理、員工待客禮儀及企業社會責任（CSR）等動態實踐行為。
VD_CIS_004,CIS 品牌識別系統,CIS三大核心架構,初級,100,single_choice,一般大眾與消費者最直接、最感官、最先接觸到的「商標 Logo、標準色、名片、包裝、招牌、廣告」，屬於 CIS 的哪一部分？,VI（Visual Identity / 視覺識別）,MI（理念識別）,BI（行為識別）,CI（持續整合）,A,VI（視覺識別）是 CIS 最外層、傳播力最強、也是視覺設計師主導的核心成果，將抽象的 MI/BI 符號化與視覺具象化。
VD_CIS_005,CIS 品牌識別系統,CIS三大核心架構,中級,150,single_choice,若一家企業只注重設計華麗前衛的 VI 標誌，但內部員工服務態度惡劣、經營理念違背誠信（MI/BI 脫節），會導致：,品牌形象虛偽破滅、消費者信任崩解，淪為缺乏靈魂與說服力的「空洞包裝」,公司股票瞬間漲停板,產品自動獲得國際設計大獎,所有員工自動提高生產力,A,CIS 強調言行一致與內外相映。VI 若缺乏堅實的 MI 理念與真實的 BI 行為支撐，只會形成品牌認知落差反噬企業信譽。
VD_CIS_006,CIS 品牌識別系統,CIS三大核心架構,中級,150,single_choice,在品牌建構流程中，CIS 專案啟動時的第一步通常應該是：,市場調研、競爭者分析與企業內部訪談，以確立清晰的品牌定位與 MI 理念,直接在 Illustrator 畫一百個 Logo 給客戶挑選,先印好五萬張名片與信封,隨機挑選潘通流行色,A,優秀的品牌設計始於策略洞察（Strategy & Research），先明確核心理念、目標受眾（TA）與市場定位，設計才有根基。
VD_CIS_007,CIS 品牌識別系統,CIS三大核心架構,挑戰,200,single_choice,現代品牌策略常提到的「黃金圈法則（The Golden Circle，Simon Sinek 提出）」，其對應 CIS 的核心思考順序應為：,從「Why（理念/願景/MI）」出發，進而思考「How（行為/流程/BI）」，最後產出「What（產品/視覺/VI）」,先做 What，再想 How，最後完全不管 Why,Why、How、What 隨機抽樣排序,全部聚焦在 What 降價促銷,A,「人們買的不是你做什麼（What），而是你為什麼而做（Why）」。偉大品牌皆是由內而外（Why -> How -> What）貫穿 CIS。
VD_CIS_008,CIS 品牌識別系統,CIS三大核心架構,初級,100,speed_buzzer,鼎泰豐服務人員精確以 45 度鞠躬迎客、即時為茶杯補水、筷子擺放整齊等標準化服務流程，在 CIS 範疇屬於：,BI（行為識別系統）的具體落實,VI（視覺識別）,MI（理念識別）的抽象標語,TIFF 檔案規格,A,服務人員的一致性禮儀規範、標準作業程序（SOP）與對外互動，正是企業行為識別（BI）的生動典範。
VD_CIS_009,CIS 品牌識別系統,CIS三大核心架構,中級,150,single_choice,無印良品（MUJI）提倡「簡約、自然、無多餘包裝」的環保生活哲學，其產品外觀與門市空間也高度呼應這份純樸，這代表：,MI（理念識別）、BI（營運行為）與 VI（視覺表現）達成了高度統一與和諧共鳴,無印良品缺乏設計研發預算,無印良品拒絕使用色彩學原理,這只是偶然巧合無任何策劃痕跡,A,無印良品是 CIS 三位一體高度一致的典範：其「這樣就好」的 MI 理念，落實於無品牌標籤的 BI 行為，並體現於素雅克制的 VI 設計中。
VD_CIS_010,CIS 品牌識別系統,CIS三大核心架構,挑戰,200,single_choice,歷史上公認將現代企業識別系統（Corporate Identity）發揮到極致的先驅案例，是 1907 年由建築師彼得·貝倫斯（Peter Behrens）為哪家德國公司所打造的完整設計？,AEG（德國通用電氣公司）,BMW 汽車,西門子（Siemens）,大眾汽車（Volkswagen）,A,貝倫斯為 AEG 設計了統一商標、廠房建築、產品外型與宣傳手冊，被國際設計史公認為現代工業與企業識別系統之發端。
VD_CIS_011,CIS 品牌識別系統,CIS三大核心架構,初級,100,single_choice,在品牌接觸點（Touchpoints）理論中，顧客在購買旅程中所看見、聽到、觸摸到的所有品牌介面，最主要依賴哪一個系統保持一致性？,VI（視覺識別系統）,MI 內部會議紀錄,BI 考勤打卡機,政府稅務系統,A,VI 系統為網站、包裝、門市、制服、社群等所有感官接觸點建立嚴謹規範，確保品牌在任何管道呈現一致面貌。
VD_CIS_012,CIS 品牌識別系統,CIS三大核心架構,中級,150,single_choice,當企業因併購、產業轉型或品牌年輕化而需要徹底更新 CIS 系統時，此種戰略過程通常稱為：,品牌重塑（Rebranding / 品牌再造）,色彩校正,破壞性壓縮,產品下架,A,Rebranding（品牌重塑）不僅僅是更換 Logo，更通常伴隨著企業使命（MI）、市場策略與商業模式的全面煥新升級。
VD_CIS_013,CIS 品牌識別系統,VI基礎系統,初級,100,single_choice,在 VI（視覺識別）手冊中，通常會嚴格區分為兩大子系統，分別是：,基礎系統（Basic Elements）與應用系統（Application System）,硬體系統與軟體系統,黑白系統與彩色系統,前端系統與後端系統,A,VI 手冊包含「基礎系統」（商標、標準字、標準色、輔助圖形）與「應用系統」（辦公用品、包裝、招牌、車輛、制服等載體）。
VD_CIS_014,CIS 品牌識別系統,VI基礎系統,初級,100,speed_buzzer,在品牌標準字或 Logo 規範中，四周必須保留一定距離的無干擾空白，嚴禁任何其他文字或圖案侵入，這個保留空間稱為：,最小保護區（Clear Space / 安全範圍）,印刷出血區（Bleed）,字體下伸線（Descender）,格線槽（Gutter）,A,最小保護區（Clear Space）確保 Logo 在任何應用環境中不被周遭雜訊文字擠壓干擾，維持獨立清晰的尊嚴與辨識度。
VD_CIS_015,CIS 品牌識別系統,VI基礎系統,中級,150,single_choice,在設計規範手冊中，定義 Logo「最小保護區」大小時，最專業標準的標註方式通常是：,以 Logo 內部的某個特定幾何部件（如英文字母 'X' 的高度或圖標寬度的 1/2）作為相對比例單位 'X',固定寫死為物理長度 2.54 公分,隨意由使用者視覺目測決定,必須佔滿整個畫面的 80%,A,以商標自體的幾何比例單元（如符號的一半或特定字母高度 x）標定保護區，能保證無論 Logo 等比放大或縮小至何種尺寸，保護比例始終維持恆定。
VD_CIS_016,CIS 品牌識別系統,VI基礎系統,初級,100,single_choice,在 VI 規範中，企業或品牌最核心、使用最頻繁、最能激發品牌聯想的專屬色彩，稱為：,企業標準色（Primary Brand Color / 企業主色）,暫定色,彩虹色,隱藏色,A,標準色（Primary Color，如 Tiffany 藍、Coca-Cola 紅、Starbucks 綠）是品牌視覺認知資產的核心心智定錨點。
VD_CIS_017,CIS 品牌識別系統,VI基礎系統,中級,150,single_choice,為了豐富品牌在不同情境（如節慶促銷、產品子系列分類、圖表標籤）下的視覺變化，VI 系統通常會規範：,企業輔助色（Secondary / Supporting Palette / 輔助色彩系統）,隨機色彩庫,全螢幕漸層黑,只允許使用三原色,A,輔助色系（Secondary Palette）作為主色的呼應與烘托，擴展視覺設計語彙，解決多功能資訊層級傳遞的配色需求。
VD_CIS_018,CIS 品牌識別系統,VI基礎系統,挑戰,200,single_choice,在 VI 手冊中，標註企業標準色時，為了確保在跨媒體傳播中色彩維持高度一致，通常必須同時提供哪些標準數值？,Pantone 專色色號、CMYK 四色印刷演色值、RGB 螢幕色光值、Web Hex 色碼，有時包含 Lab 色彩座標,只要拍一張手機照片放在手冊裡即可,只提供油漆行的中文形容詞,只提供 CMYK，其餘讓輸出廠自行猜測,A,專業品牌規範必須完整列出 Pantone（實體油墨）、CMYK（印刷）、RGB/Hex（螢幕數位）跨媒介色彩轉換對應標準，消弭色偏爭議。
VD_CIS_019,CIS 品牌識別系統,VI基礎系統,初級,100,speed_buzzer,在 VI 基礎規範中，除了企業標誌之外，專門為企業名稱或品牌名特別設計的專屬中英文字體，稱為：,企業標準字（Logotype / Corporate Typography）,隨機手寫字,微軟新細明體,系統內建字,A,標準字（Logotype）經過精密字型骨架與幾何微調，具備專屬版權與獨特視覺個性，強化品牌名稱的權威感。
VD_CIS_020,CIS 品牌識別系統,VI基礎系統,中級,150,single_choice,VI 規範中常有一頁「企業指定印刷字型（Corporate Typeface）」，其主要用途是：,規範除了 Logo 標準字之外，在各類公文、海報內文、網站排版時所應統一搭配使用的中英文字體家族,限制員工只能手寫公文,將所有電腦字型全數刪除,防止印刷機出墨,A,指定專用字型（Corporate Font）確保公司在各種大小文書、簡報與宣傳物上，排印字體風格與品牌調性高度契合且統一。
VD_CIS_021,CIS 品牌識別系統,VI基礎系統,中級,150,single_choice,在 VI 系統中，「輔助圖形（Supergraphic / Secondary Element / 輔助圖案）」的主要功能是：,從標誌造型或品牌理念提煉延伸，作為包裝、背板或網頁的大面積鋪底裝飾，加強品牌識別縱深,用來完全遮蓋商標 Logo,為了在印刷時浪費多餘油墨,用來列印黑白條碼,A,輔助圖形（如 Burberry 經典格紋、Louis Vuitton Monogram、花旗銀行的紅色弧線）能在沒有顯著 Logo 的場合仍能一眼辨識出品牌。
VD_CIS_022,CIS 品牌識別系統,VI基礎系統,初級,100,single_choice,在 VI 手冊中通常會嚴格標註「Logo 最小使用極限尺寸（Minimum Size）」，其主要目的是：,防止 Logo 縮小至印刷或螢幕解析度極限以下時，線條黏糊、細節喪失或文字無法辨識,強迫客戶必須購買最昂貴的戶外大看板,限制 Logo 只能放大不能縮小,防止商標被相機拍攝,A,最小尺寸限制（如規定印刷寬度不可小於 15mm、數位螢幕不可小於 32px）確保商標在任何物理與數位極端環境下皆維持合法辨識度。
VD_CIS_023,CIS 品牌識別系統,VI基礎系統,挑戰,200,single_choice,在 VI 規範手冊中，極為關鍵的一頁「標誌使用禁用規範（Incorrect Usage）」，通常會列舉哪些嚴格禁止的錯誤操作？,禁止任意拉伸扭曲長寬比、禁止擅自更換色相、禁止任意添加立體陰影、禁止在雜亂背景使用低對比版本,禁止將 Logo 印在紙張上,禁止在電腦螢幕上顯示 Logo,禁止為公司賺取利潤,A,禁用範例（Do's and Don'ts）以紅叉警示常見違規變形、傾斜、改色、重疊不當背景等操作，防範非設計人員濫用損害品牌形象。
VD_CIS_024,CIS 品牌識別系統,VI基礎系統,中級,150,single_choice,在 VI 規範中，當 Logo 需要應用在極深色或黑色背景時，通常會預先規範哪種色彩版本以確保對比度？,反白款（Inverted / White Logo）或暗底專用配色款,直接維持黑色 Logo 讓它完全隱形,在 Logo 邊緣手動塗上黃色螢光漆,將黑色背景手動挖空一個白色大洞,A,反白或亮色專用款（White / Monochromatic Reversed）確保商標在深色底、相片暗部或黑白印刷品上依然清晰突出。
VD_CIS_025,CIS 品牌識別系統,VI基礎系統,挑戰,200,speed_buzzer,在 VI 標誌製圖法中，「網格製圖規範（Grid Construction）」通常使用密集的等比方格或輔助同心圓弧線標註 Logo，其用意為：,精確展示商標的幾何比例、圓弧曲率與數學幾何結構，利於大型工程施工、商標專利註冊與精密重現,用來計算電腦螢幕每秒運算速度,這只是用來向客戶展示高深莫測的純裝飾線條,用來測試雷射印表機噴嘴是否有堵塞,A,比例製圖法（Construction Grid）嚴謹定義各筆畫曲線切點、同心圓半徑與正方網格模組，是工業級精準放大與商標審查的幾何依據。
VD_CIS_026,CIS 品牌識別系統,VI基礎系統,中級,150,single_choice,品牌標語（Slogan / Tagline，例如 Nike 的 'Just Do It'），在 VI 基礎規範中通常會規定其與標誌的：,組合比例規範（Lockup），包含水平排列、垂直排列的精確間距與相對字級比例,只能使用純手寫毛筆字,必須每個月更換一次字詞,完全禁止與 Logo 出現在同一個畫面上,A,Slogan Lockup 定義標語文字與品牌圖示的標準組合架構（水平排列、上下排列、字距比例），防止排版時位置雜亂無章。
VD_CIS_027,CIS 品牌識別系統,VI基礎系統,初級,100,single_choice,企業吉祥物（Mascot，如米其林輪胎人、LINE Friends 熊大）在 VI 系統中通常被歸類在：,基礎系統中的「專屬角色/吉祥物規範」,印前出血裁切規範,電腦硬體維護手冊,財務會計報表系統,A,吉祥物為基礎系統中的擬人化識別元素，通常規範標準造型、標準三視圖、各類表情肢體動作及延伸周邊應用準則。
VD_CIS_028,CIS 品牌識別系統,VI基礎系統,中級,150,single_choice,現代跨裝置響應式品牌識別中，流行採用的「響應式標誌（Responsive Logo）」設計概念是指：,Logo 會依據螢幕視窗大小或載體極限，自動自適應增減細節（如大螢幕顯示全名+圖示，小手機只顯示極簡抽象字母）,Logo 會在螢幕上隨著背景音樂起舞跳動,Logo 只能在手機直立時顯示，橫放時自動關閉,Logo 每天自動更換一種顏色,A,Responsive Logo（如可口可樂、Chanel、Disney 的縮放案例）依載體空間動態簡化層級，在極端小螢幕仍能保持高瞬間識別力。
VD_CIS_029,CIS 品牌識別系統,VI基礎系統,挑戰,200,single_choice,在 VI 標準色規劃中，除了 CMYK 與 RGB 之外，特別為實體裝潢與工業漆料指定的色卡標準通常會採用：,RAL（勞爾色卡）或 DIC（大日本油墨色卡）,JPG 色階值,GIF 256 色盤,HTML5 音訊標籤,A,RAL 廣泛應用於歐洲建築塗料、金屬烤漆與工業設計領域，是室內裝潢招牌與硬體烤漆施工的世界權威色卡。
VD_CIS_030,CIS 品牌識別系統,VI基礎系統,初級,100,speed_buzzer,在黑白傳真公文、單色收據或鋼印印鑑場合，彩色 Logo 必須具備專門定義的：,單色款標誌（Monochrome / Grayscale Logo）,全彩漸層色款,螢光透明款,3D 立體浮雕動畫款,A,單色規範保證商標在黑白報紙、傳真機、單色收據、壓印鋼印或布料刺繡等無彩環境中，層次結構依然清晰分明。
VD_CIS_031,CIS 品牌識別系統,Logo型態學,初級,100,single_choice,如 Google、Coca-Cola、Sony、Canon 這類「完全直接以品牌名稱的文字字體設計構成、不帶額外獨立圖標」的商標型態稱為：,Wordmark（字標 / 字體商標）,Brandmark（純象徵圖形）,Emblem（徽章式標誌）,Mascot（吉祥物標誌）,A,Wordmark（又稱 Logotype）完全專注於品牌名稱拼字本身的字型設計、字距與筆畫微調，名稱即符號，記憶成本極低。
VD_CIS_032,CIS 品牌識別系統,Logo型態學,初級,100,speed_buzzer,如 Apple 的咬一口蘋果、Nike 的 Swoosh 勾勾、Twitter 的小鳥，這類「純粹由單一象徵性圖形構成、不強制包含品牌名稱」的商標型態稱為：,Brandmark（圖像標 / 象徵符號標誌）,Wordmark（字標）,Lettermark（首字母標）,Monogram,A,Brandmark（或 Pictorial mark）以高度凝練的幾何或具象圖形作為精神符號，在跨越語言與國界傳播時具備無文字阻礙的優勢。
VD_CIS_033,CIS 品牌識別系統,Logo型態學,中級,150,single_choice,如 IBM、NASA、CNN、HBO 這類「取品牌名稱縮寫首字母（通常 2~4 個字母）進行高度符號化排印」的商標類型稱為：,Lettermark（字母商標 / 縮寫標誌）,Combination mark（複合標誌）,Emblem（徽章標）,Dynamic mark,A,Lettermark 專為全名過長（如 International Business Machines）的機構設計，將縮寫字母圖形化，簡潔易記且易於發音。
VD_CIS_034,CIS 品牌識別系統,Logo型態學,初級,100,single_choice,世界上大多數主流企業（如 Adidas、Burger King、Lacoste、Rolex）將「獨立圖標」與「品牌字標」同時並列組合的商標類型稱為：,Combination Mark（複合型標誌 / 圖文組合標）,純字標,抽象字母標,印章標,A,Combination Mark 將象徵圖案與文字名稱完美鎖定搭配，兼具視覺圖案的聯想力與文字名稱的直觀溝通力，是商業應用最穩健類型。
VD_CIS_035,CIS 品牌識別系統,Logo型態學,中級,150,single_choice,如 Starbucks 星巴克傳統雙尾美人魚圓標、Harley-Davidson 哈雷機車盾牌、各大名校校徽，將文字與圖形完全封裝在盾牌、徽章或封印幾何框架內的型態稱為：,Emblem（徽章型標誌 / 紋章式商標）,Wordmark,Lettermark,Abstract mark,A,Emblem 具有古典歐洲紋章傳統，整體造型封閉精美、帶有強烈權威傳承與古典儀式感，常為汽車、咖啡館與大學所喜愛。
VD_CIS_036,CIS 品牌識別系統,Logo型態學,挑戰,200,single_choice,由兩個或多個首字母相互交織、纏繞穿插組合而成的古典優雅標誌（如 Chanel 雙C、Louis Vuitton LV、Gucci 雙G），在專業術語中稱為：,Monogram（交織字母組合標誌 / 花押字）,Pictogram（象形符號）,Ideogram（表意文字）,Ambigram（雙向對稱字）,A,Monogram 起源於古希臘硬幣與中世紀王室印璽，將姓名縮寫交織融合，在奢侈品時尚界象徵尊榮血統與極致工藝。
VD_CIS_037,CIS 品牌識別系統,Logo型態學,中級,150,speed_buzzer,如 Pepsi 紅白藍太極球、BP 太陽花、Chase 銀行藍色八角幾何，這類「不代表任何現實具象物體、由純粹幾何造型提煉精神意涵」的標誌屬於：,Abstract Mark（抽象幾何型標誌）,Mascot Mark（吉祥物標誌）,Lettermark,純書法標,A,抽象標誌不直接描摹現實具體物件（非蘋果非相機），而是利用原創幾何造型創造獨一無二的品牌隱喻，具備極高法律專利獨佔性。
VD_CIS_038,CIS 品牌識別系統,Logo型態學,中級,150,single_choice,評估一個商業 Logo 設計優劣的著名原則「SMART（簡單 Simple、難忘 Memorable、跨時代 Timeless、萬用 Versatile、貼切 Appropriate）」，其中「簡單（Simple）」之所以排在首位，是因為：,造型越簡單，人腦在數百毫秒內的認知記憶負擔越小，且在各類小尺寸或黑白印刷中越不易破損模糊,因為簡單的 Logo 設計師可以一秒鐘畫完偷懶,簡單的 Logo 印刷不需要付錢,簡單的標誌會自動吸引百萬用戶,A,Paul Rand 強調商標必須極度簡練易認。過於複雜的寫實細節在高速移動或小尺寸介面下會變成視覺污點，簡單是長久留存的基石。
VD_CIS_039,CIS 品牌識別系統,Logo型態學,挑戰,200,single_choice,近年來如 MIT 媒體實驗室、瑞士觀光局採用的「動態可變識別（Dynamic Identity / Generative Logo）」，其顛覆傳統的特性是：,Logo 不再固定於單一死板形狀，而是在保留一套核心幾何規則演算法下，能依據數據、環境或人聲動態即時生成無限種形態變體,Logo 只能每秒旋轉 360 度,Logo 拒絕在紙張上印刷,Logo 完全由外包機器人自動產出,A,動態生成識別（Generative Identity）打破傳統靜態商標界限，讓品牌如同生命體般與環境數據互動，是數位時代前衛識別主流。
VD_CIS_040,CIS 品牌識別系統,Logo型態學,初級,100,single_choice,設計 Logo 時，若加入過多細小微弱的文字標籤或極其細薄的微光漸層，在印製為直徑 1.5 公分的金屬員工胸針時，最常遭遇的災難是：,細節全數模糊黏死成黑團，漸層金屬沖壓無法成型，文字完全不可讀,金屬胸針會自體發光爆炸,胸針重量會增加十倍,工廠會自動幫忙放大成臉盆大小,A,Logo 設計必須通過「極端微縮測試」。過細筆畫與多層漸層在實體刺繡、金屬鑄造、凸印烙印等工藝下會完全喪失表現力。
VD_CIS_041,CIS 品牌識別系統,Logo型態學,挑戰,200,single_choice,當需要為具有深厚歷史文化資產的百年老品牌進行 Logo 扁平化現代微調（Logo Redesign）時，設計師通常採取的明智策略是：,保留核心靈魂特徵（如經典剪影輪廓、主色調與姿態），剔除過時擬真光影高光，精簡向量節點並優化數位像素對齊,徹底將原標誌丟棄，換一個完全不相干的彩色圓圈,將原本的圖案反向模糊化處理,在舊圖形周邊加滿三十種裝飾花紋,A,如星巴克去外圈文字、BMW 去擬真金屬反光。品牌資產微調旨在承繼歷史認知資產的同時，大幅適配現代高解數位螢幕與扁平化潮流。
VD_CIS_042,CIS 品牌識別系統,Logo型態學,初級,100,speed_buzzer,在商業商標註冊法規中，下列哪種圖案「最不可能」成功註冊為獨佔的合法商標？,直接以產業通用通用詞彙或純日常物品寫實相片（例如賣新鮮蘋果的店直接拿一張真實紅蘋果照片當標誌）,原創繪製的抽象幾何線條,獨創拼寫的原創新名詞,原創設計的幻想生物造型,A,商標法規定具備「顯著性（Distinctiveness）」才能核准註冊；直接描述商品本身通用名稱、品質或普通照片缺乏識別顯著性。
VD_CIS_043,CIS 品牌識別系統,VI應用系統,初級,100,single_choice,在 VI 應用系統（Application System）中，最基礎、最具商務代表性的「事務辦公用品類別（Stationery）」通常涵蓋：,名片、公文信紙、信封（標準大中小信封）、公文夾/合約封套、識別證員工證,工廠大型煙囪彩繪,空軍戰鬥機塗裝,太空梭隔熱磚設計,A,辦公用品系統是商務社交中最频繁交換的第一線品牌載體，包含名片（Business Card）、信頭紙（Letterhead）等。
VD_CIS_044,CIS 品牌識別系統,VI應用系統,初級,100,speed_buzzer,台灣與日本最通用的標準商業名片物理尺寸（成品尺寸）通常為：,90 mm × 54 mm,120 mm × 80 mm,50 mm × 30 mm,210 mm × 297 mm,A,東亞（台日港）標準名片尺寸為 90x54mm（西方歐美通用為 85x55mm 或 3.5x2 吋），符合一般名片盒與錢包卡槽插拔規格。
VD_CIS_045,CIS 品牌識別系統,VI應用系統,中級,150,single_choice,在 VI 車輛外觀塗裝規範（Vehicle Livery）中，為物流貨車或公務車設計視覺時，首要考量的功能性要求是：,在高速行駛與遠距離移動中，品牌名稱與核心電話/網址必須一眼可辨，且避開車把手、油箱蓋與輪拱分割線,必須把全公司員工姓名都印在車輪胎上,車身顏色每天隨室外溫度變色,一定要使用全身鏡面電鍍金屬漆,A,車輛流動廣告視野短暫，視覺焦點必須粗獷清晰，且幾何貼膜佈局必須精確避開車門接縫、車把手、滑軌等機械干擾部件。
VD_CIS_046,CIS 品牌識別系統,VI應用系統,中級,150,single_choice,在旗艦門市空間或展覽會場的「指標導引系統（Wayfinding / Signage）」中，VI 規範最核心的考量是：,字體大小與觀看距離之視認度計算、光線照明、各語系層級以及箭頭符號的方向指引一致性,指標越小越好以增加神秘感,故意使用難以辨認的草書增加藝術氣息,完全不設置洗手間方向指引,A,環境指標設計屬於空間 VI，結合人體工學、無障礙動線與工業五金材質，以安全、直觀、清晰導航為最高宗旨。
VD_CIS_047,CIS 品牌識別系統,VI應用系統,初級,100,single_choice,在企業制服規範（Uniform / Apparel System）中，設計員工圍裙、T 恤、襯衫或帽子時，商標 Logo 最普遍的刺繡或印製位置通常位於：,左胸處（近心臟位置，符合人類視覺視認習慣）,衣服下擺內部標籤處,長褲後腳踝下方,襯衫腋下排汗孔處,A,左胸處是國際服裝徽章與品牌標誌的傳統尊榮錨點，目光交會打招呼時最容易自然映入眼簾。
VD_CIS_048,CIS 品牌識別系統,VI應用系統,中級,150,single_choice,商品包裝系統（Packaging Design）在 VI 應用中常被稱為「貨架上的沉默推銷員」，其設計首要任務是：,在實體貨架數百種競爭品中以強烈識別「脫穎而出（Standout）」、準確傳達產品特色與法令法規必要標示,包裝越厚重浪費越多材料越好,隱藏所有產品成份與有效期限,使用讓消費者永遠打不開的封裝膠水,A,包裝設計需兼顧貨架競爭力（眼球經濟）、品牌美學、拆箱體驗以及法律強制營養成分/檢驗標章等規範排版。
VD_CIS_049,CIS 品牌識別系統,VI應用系統,挑戰,200,single_choice,在數位產品應用系統中，為 iOS 與 Android 平台規劃「App 圖標（App Icon）」時，現代設計規範（如 Apple HIG）強烈禁止的操作是：,直接在 App 圖示內塞滿整張複雜照片或把大量小字當作圖示內容，導致縮小時成為一團混濁色塊,使用高對比度簡潔符號,保持色彩鮮明純淨,設計圓角方形背景,A,App Icon 是數位桌面的極小載體，Apple 嚴禁在圖標內放微縮長篇文字或低對比複雜相片，強調單一強烈幾何象徵符號。
VD_CIS_050,CIS 品牌識別系統,VI應用系統,中級,150,speed_buzzer,"在設計企業信封（如 12K, 15K, 4K 信封）時，除了擺放企業 Logo 與回郵地址外，排版時必須特別避開何處區域以符合郵政自動分信機規格？",右上方貼郵票區域、右下方寄達郵遞區號條碼掃描條碼區及郵政空白管制區,信封左下角,信封正面絕對不能印任何公司名,信封封口處不能有黏膠,A,各國郵政機械自動分揀系統對右上方郵票位、右下收件條碼與噴墨信箱格有嚴苛的留白管制規定，排版不可遮擋。
VD_CIS_051,CIS 品牌識別系統,VI應用系統,初級,100,single_choice,"在企業官方網站與社群媒體平台（Facebook, Instagram, LinkedIn, YouTube）的數位 VI 規範中，通常會明定：",各平台大頭貼 Avatar、封面橫幅 Banner 的安全尺寸切裁範圍與品牌輔助圖形排版規格,強制所有人只能使用黑白相片發文,每篇貼文只能有一個字,禁止在網路上提到公司名稱,A,數位接觸點多樣化，規範各社群尺寸頭像（圓形裁切安全區）與橫幅排版，能確保品牌在各大社群呈現一體化形象。
VD_CIS_052,CIS 品牌識別系統,VI應用系統,中級,150,single_choice,在戶外招牌燈箱（Signboard / Lightbox）設計中，當採用「內打光（Backlit）」工藝時，印前需要特別注意：,油墨透光後顏色會顯著變淡變亮，印刷時通常需雙面印刷或提高墨量（雙倍墨層 / Double Strike）以確保點燈後色彩飽和濃郁,直接在燈箱表面打洞,只能使用白熾燈泡列印,完全不需要任何防曬油墨,A,透光燈片（Backlit Film）在背光強力照射下，普通單層墨水會泛白失真，專業製程需採用雙層噴墨或 UV 雙面印製以維持飽和度。
VD_CIS_053,CIS 品牌識別系統,VI應用系統,挑戰,200,single_choice,當為品牌設計「企業禮品與周邊商品（Merchandise，如保溫杯、雨傘、筆記本、環保袋）」時，資深品牌設計師最核心的原則是：,將品牌輔助圖形、經典配色與文化格調有機融入日常用品，避免粗暴將大尺寸彩色 Logo 直接生硬蓋在正中央,不管什麼產品一律將最大號的紅色 Logo 蓋在最顯眼處,周邊商品只能送不准賣,所有禮品必須是一次性塑膠製品,A,優雅的周邊設計追求「品牌生活方式（Lifestyle）」融入，透過材質細節、同色系壓印或精緻標籤傳遞品味，避免成為令人抗拒的走動廉價廣告牌。
VD_CIS_054,CIS 品牌識別系統,VI應用系統,初級,100,speed_buzzer,在國際商務展覽會（Trade Show）的攤位設計（Booth Design）中，最具有全場視覺壓制力、能讓參觀者在數十公尺外人海中一眼看見品牌的結構是：,高掛於攤位頂部上方懸空的大型發光吊頂吊點結構（Hanging Banner / Ceiling Rigging）,地上鋪設的迎賓腳踏墊,名片架內部夾層,垃圾桶側面的小貼紙,A,展會挑高空間中，吊點吊頂發光懸吊招牌突破人潮視線阻擋，是主導整個展覽館遠距離視覺動線的最核心高空制高點。
VD_CIS_055,CIS 品牌識別系統,品牌手冊規範,初級,100,single_choice,品牌手冊（Brand Style Guide / Brand Book / VI Manual）在企業營運中最關鍵的核心功能是：,作為所有內部員工、行銷企劃與外部合作廠商（廣告代理商、印刷廠、網頁外包）統一遵循的唯一視覺憲法準則,設計師用來展示個人繪畫才華的畫冊,用來鎖在保險箱中永遠不給任何人借閱的機密,作為員工犯錯時的罰款依據,A,品牌手冊是品牌資產守門法典，消弭不同部門與協力廠商各自為政的主觀隨意竄改，維繫全球品牌一致性。
VD_CIS_056,CIS 品牌識別系統,品牌手冊規範,初級,100,speed_buzzer,"現代許多跨國頂尖企業（如 Uber, Audi, Spotify, Starbucks）會將其品牌識別手冊發布為：",公開可線上互動瀏覽與下載向量資源的「品牌設計系統網站（Online Brand Portal / Design System）」,只能手寫在羊皮紙上的孤本,每本重達五十公斤的鐵皮書,純錄音口傳錄音帶,A,"線上動態品牌網站（如 uber.design, brand.uber.com）隨時保持最新版本、支援即時下載標準向量字形與色碼，大幅降低溝通分發成本。"
VD_CIS_057,CIS 品牌識別系統,品牌手冊規範,中級,150,single_choice,在品牌手冊的「攝影風格指引（Photography Style Guide）」章節中，通常會具體規範哪些視覺維度？,畫面色調光影傾向（如自然午後柔光、高對比冷色）、構圖視角、真實人物抓拍風格以及嚴禁使用的虛假死板圖庫圖,只能使用特定型號的單眼相機機身,每張照片必須包含攝影師本人自拍,強制所有照片必須旋轉 45 度拍攝,A,攝影風格指南界定品牌的影像美學氛圍，杜絕廉價陳腐的商業圖庫擺拍假笑假動作，確保宣傳相片傳遞真實真誠的品牌調性。
VD_CIS_058,CIS 品牌識別系統,品牌手冊規範,中級,150,single_choice,"在數位產品品牌指南中，「品牌語調（Tone of Voice, TOV）」規範章節主要指導的是：",品牌在所有對外文案、介面按鈕文字與客服溝通時的語氣態度（如是幽默風趣、親切鄰家，抑或嚴謹權威、專業精煉）,員工打電話時的說話音量分貝數限制,廣播廣告的背景音樂聲調升降 Key,公司電話答錄機的物理硬體品牌,A,Tone of Voice 是品牌人格的聲音化表達，確保無論是幽默的 App 推送或嚴肅的道歉聲明，文字筆觸始終維持鮮明一致的人格特質。
VD_CIS_059,CIS 品牌識別系統,品牌手冊規範,挑戰,200,single_choice,當一家大集團擁有母品牌以及多個不同市場定位的子品牌時，在品牌手冊中規劃多品牌架構（Brand Architecture），最常見的三種模式為：,單一品牌架構（Branded House/強母品牌）、背書架構（Endorsed）、獨立子品牌架構（House of Brands）,紅綠藍三原色架構,大中小三層瀑布流,隨機抽樣控股架構,A,如 Virgin/Apple（強母品牌）、Marriott 萬豪系列（背書品牌）、P&G 寶僑旗下一眾洗髮精品牌各自獨立（House of Brands）。
VD_CIS_060,CIS 品牌識別系統,品牌手冊規範,中級,150,single_choice,在品牌手冊規範中，若遇有「聯名合作（Co-Branding）」場合需要將兩個不同品牌的 Logo 並列展示，標準排版規範通常為：,兩者尺寸在視覺權重上保持相等平衡，中間以細灰色豎線或細小交叉號（× / |）清晰間隔分開,將對方的商標縮小到 1 像素看不見,把兩個商標直接重疊交融在一起變成新圖形,對方的商標顏色全部強制改成我方標準色,A,聯名標誌規範強調雙方品牌尊嚴平等，透過標準化的間距與幾何中性分隔線（| 或 ×）界定雙品牌合作關係。
VD_CIS_061,CIS 品牌識別系統,品牌手冊規範,初級,100,speed_buzzer,在商標圖樣右上角或右下角常見的小標記「®」與「™」，兩者的法律意涵差異為何？,® 代表已經官方審查核准並成功註冊的註冊商標（Registered）；™ 代表正在申請或主張普通法權利但尚未核准註冊的商標,® 代表只准在歐洲使用，™ 代表只准在美洲使用,® 代表免費商標，™ 代表付費商標,兩者完全是同一個意思沒有任何法律差異,A,®（Registered Trademark）享有法定強烈排他專有權，未獲官方商標局核准註冊前擅自標註 ® 屬違法偽造；™（Trademark）則是一般商業宣稱。
VD_CIS_062,CIS 品牌識別系統,品牌手冊規範,中級,150,single_choice,當外部廠商向設計師索取企業商標檔案進行大型輸出時，身為專業品牌守門人，交付何種格式最為專業且合規？,"提供包含向量格式（AI, EPS, SVG）與高解析點陣（高解 PNG/TIFF）的原裝官方品牌資產包，並附上最新規範說明",直接在 LINE 上傳一張手機截圖的低解析模糊 JPG,把 Logo 貼在微軟 Word 檔裡面傳給對方,叫對方自己去 Google 圖片搜尋下載,A,嚴謹的品牌資產交付必須包含標準向量原始向量格式（CMYK / RGB / 反白款式齊備），確保輸出端不會因格式不符導致品質崩壞。
VD_CIS_063,CIS 品牌識別系統,品牌手冊規範,挑戰,200,single_choice,在數位 UI 設計系統的組件庫中，建立「防呆（Poka-yoke）」機制的一種常見做法是：,在設計軟體內將主按鈕組件的顏色與內距設定為只允許切換 Token 變數，強制鎖定禁止任何設計師手動任意微調色碼與圓角,每天更換一次登入密碼,讓按鈕在滑鼠移上去時自動消失,禁止使用任何鍵盤打字,A,透過組件封裝與變數 Token 鎖定，系統性防範菜鳥或外包工程師隨意微調按鈕樣式，從架構層面確保全專案千百頁面像素級嚴格合規。
VD_CIS_064,CIS 品牌識別系統,品牌手冊規範,初級,100,single_choice,一家優質的品牌識別系統，其手冊內容通常多久需要進行一次審視與微調？,通常每 1 到 3 年進行常態性審視，隨新媒介（如社群新格式、AR/VR、短影音）與業務擴張進行動態滾動式擴充微調,每星期徹底推翻重新設計一次,一旦印出成書後永遠一百年不得增修一字,只有在公司倒閉破產那天才能翻開查看,A,品牌系統如同有機生態體系，需定期回顧維護，隨著數位載體進化與商業觸角拓展，持續補充相應的指導條款。
VD_CIS_065,CIS 品牌識別系統,品牌手冊規範,挑戰,200,single_choice,在品牌授權管理中，當品牌將 Logo 授權給外部玩具廠或聯名服飾生產實體商品時，通常會設立什麼角色或流程來把關品質？,品牌審查委員會或專任品牌監護人（Brand Guardian），執行打樣樣品逐階段送審簽核（Approval Process）,放任工廠自行發揮不予過問,要求工廠不准把商品拿出來販售,由工廠清潔工兼職負責品管,A,Brand Guardian（品牌監護人）手握簽審否決權，嚴格檢查實體產生的色偏、材質、標籤字體排印與打樣工藝，捍衛品牌聲譽。
VD_CIS_066,CIS 品牌識別系統,品牌手冊規範,中級,150,speed_buzzer,在現代數位品牌規範中，「無障礙色彩組合表（Accessibility Matrix）」的主要用途是：,預先矩陣交叉列出所有「品牌標準色、輔助色與背景色」兩兩搭配時，哪些組合符合 WCAG AA/AAA 對比度標準可安全使用,用來測試螢幕是否支援 4K 解析度,記錄所有員工的視力檢查報告,隨機挑選今天的幸運顏色,A,色彩無障礙矩陣表以視覺化清單標記出合規安全色對（Pass/Fail），防止團隊在日常行銷作圖時誤用對比不足的文字與底色。
VD_PRINT_001,印前製程,出血與安全框,初級,100,single_choice,在台灣與多數國際商業印刷製程中，設計檔案四邊最普遍標準的「出血（Bleed）」尺寸設定為多少？,每邊各加 3 mm（四邊共增加 6 mm）,每邊各加 30 cm,每邊各加 0.1 mm,不需要做任何出血設定,A,標準印刷出血通常設定為每邊各 3mm（歐美部分為 0.125 吋約 3.175mm），以吸收印刷後道裁切時機械裁刀物理微小位移誤差。
VD_PRINT_002,印前製程,出血與安全框,初級,100,speed_buzzer,如果一張全版滿版底色或滿版照片的海報「完全沒有做 3mm 出血」，印刷裁切後邊緣最常出現的致命瑕疵是：,裁切稍微偏差 0.5 毫米時，邊緣露出一條難看的「露白白邊（White Edge）」,整張海報的顏色瞬間全部褪色,紙張會自動碎裂自燃,印表機噴頭會被卡死,A,若圖案剛好貼齊完成尺寸，裁刀只要往外微偏 0.2mm，未印油墨的原紙白邊便會暴露出來，故必須拉伸圖案越過裁切線做足出血。
VD_PRINT_003,印前製程,出血與安全框,初級,100,single_choice,為了防止重要標題文字或聯絡電話在裁切時不小心被切掉，排版時所有重要文字必須退在裁切線內側一定距離，這個安全範圍稱為：,安全框（Safety Margin / 安全邊界，通常建議距離裁切線至少 3~5mm）,出血線（Bleed Line）,咬口位（Gripper Margin）,折刀線,A,安全框（Safety Zone）是成品邊界內的保險區域。重要文字若貼近裁切邊，裁刀往內微偏就會造成文字腰斬。
VD_PRINT_004,印前製程,出血與安全框,中級,150,single_choice,印刷完稿檔案中，繪製在四個角落、用來指示裁刀確切下刀切割位置的標記線稱為：,裁切標記（Crop Marks / 裁切線）,註冊十字線（Registration Mark）,色彩校驗條,折線標記,A,裁切標記（Crop Marks）位於版面四角，成雙垂直水平實線，精準標記出成品的實際寬高切割基準線。
VD_PRINT_005,印前製程,出血與安全框,中級,150,single_choice,在平版印刷機上，印刷滾筒金屬夾爪抓住紙張邊緣送進機器進行壓印的邊界空白區域稱為：,咬口（Gripper Margin / 咬口位，通常約留 8~12mm 且該區域絕對不能有圖形）,放數（Waste allowance）,出血（Bleed）,十字對位線,A,平版印刷機必須以機械咬爪咬住紙張前緣高速拖動，咬口處被金屬爪遮蓋無法接觸橡皮布印墨，排版拼版必須避開此區域。
VD_PRINT_006,印前製程,出血與安全框,挑戰,200,single_choice,裝訂厚度達數百頁的書籍（如膠裝或穿線膠裝），在編排跨頁版面時，書脊內側的「裝訂邊（Gutter）」邊距通常必須刻意加大，這是為了防止：,書籍翻開時，內側文字陷入深深的書溝縫隙（Gutter）中導致難以閱讀甚至完全遮蔽,紙張在裝訂時著火,書脊膠水黏不住紙張,頁碼自動倒扣計算,A,厚書裝訂成冊後內頁無法 180° 完全平攤，書脊處有彎曲弧度（Book Creep & Gutter），內側邊距必須額外加寬以確保正常閱讀視野。
VD_PRINT_007,印前製程,出血與安全框,中級,150,speed_buzzer,在標準印刷 A4 尺寸（成品 210 × 297 mm）的設計完稿中，加上四邊各 3mm 出血後，「包含出血的完稿檔案尺寸」應設定為：,216 mm × 303 mm,213 mm × 300 mm,220 mm × 310 mm,210 mm × 297 mm,A,寬度 = 210 + 3 + 3 = 216mm；高度 = 297 + 3 + 3 = 303mm。四邊各加 3mm，長寬各自總共增加 6mm。
VD_PRINT_008,印前製程,出血與安全框,初級,100,single_choice,印刷打樣文件周圍常看到的「圓形內部帶有十字準星」的符號標記，其專業名稱與用途為：,對位標記（Registration Marks / 十字規線），供印刷師傅精確檢查 C、M、Y、K 四色版是否精準套印對齊,射擊瞄準遊戲靶標,印刷工廠品質檢驗員的個人印章,防偽雷射標籤貼紙,A,對位十字規線（十字套準標記）印在四個版面邊角，若任一色版套印不準，十字線會出現彩色重影，是印中對位校正的核心基準。
VD_PRINT_009,印前製程,出血與安全框,挑戰,200,single_choice,在騎馬釘裝訂（Saddle Stitching）頁數較多（如 64 頁以上）的刊物中，由於多張紙張對折嵌套，最內層的頁面會被往外擠出，這種現象與修正工藝稱為：,爬頁現象（Creep / 頁面蠕變），印前拼版軟體必須動態向內微調內頁版心（Shingling）以補償裁切位移,走墨現象（Bleeding）,卡紙現象（Paper Jam）,脫膠現象（Debonding）,A,紙張具有物理厚度，多張嵌套對折後，中間頁次向外突出；成書三面切齊時，最內頁外側邊距會被削短，印前需透過 Creep 運算逐頁往內位移修正。
VD_PRINT_010,印前製程,出血與安全框,中級,150,single_choice,在包裝彩盒或瓦楞紙箱的結構設計中，用來標示「此處需要下壓折痕、此處需要用鋼刀切穿」的線條通常在刀模圖（Die-line）中如何區分？,實線（Solid line）通常代表切穿全斷刀，虛線（Dashed line）代表壓折痕線，且刀模線必須設為獨立特別色色版並設為疊印,全部畫成粗黑色實線交給工廠自行猜測,用鉛筆在印刷成品上手繪折痕,用不同字體區分折痕,A,包裝刀模（Dieline）是結構工程圖，實線切穿、虛線壓痕，必須使用特定專色（如 Spot Die）設定疊印（Overprint），不可被併入 CMYK 印刷。
VD_PRINT_011,印前製程,出血與安全框,初級,100,speed_buzzer,設計三折頁宣傳單（Letter Fold / Roll Fold）時，被折進最內側的那一個頁面，其寬度通常要比外側兩頁如何設定？,必須刻意縮小 2 ~ 3 mm，防止折疊時內頁紙張厚度頂住外折邊而導致折頁膨脹鼓起或拱曲變形,必須放大 10 公分,三頁寬度必須絕對等寬，差 1 毫米都不行,內頁必須挖空一個大洞,A,內折頁（Inside flap）因為嵌套在內部，受紙張折骨厚度擠壓，寬度若不縮小 2~3mm（如外頁 100mm、100mm，內頁做 97mm），三折頁將無法平整閉合。
VD_PRINT_012,印前製程,出血與安全框,挑戰,200,single_choice,在印前製作封套、資料夾或立體盒型時，若紙張厚度高達 350 gsm 以上厚卡紙，設計師在規劃折口時必須額外考慮什麼物理參數？,厚度補償公差（Allowance）與紙張厚度反彈係數，折線需做雙壓痕或留出書脊厚度,紙張在黑暗中會縮小,必須使用雷射光先將紙張烤軟,厚卡紙不需要任何壓痕即可自動直角折合,A,厚磅卡紙纖維韌性強，單純壓一條折線容易導致紙張外側爆線龜裂或折角不方正，必須計算厚度延伸公差並採用雙折線或特定模具。
VD_PRINT_013,印前製程,CMYK與總墨量,初級,100,single_choice,印前色彩管理術語「TAC / TIC（Total Ink Coverage / Total Area Coverage）」代表的意義是：,「總油墨覆蓋率（總墨量）」：四色 CMYK 在同一點像素上油墨百分比相加的總和,印刷機墨水箱的總公升容量,每天印刷機清洗墨輥的次數,每包紙張的總張數,A,TAC = C% + M% + Y% + K%。若四色皆為 100%，總墨量高達 400%。每種紙張與印刷技術皆有其承受的最高總墨量極限。
VD_PRINT_014,印前製程,CMYK與總墨量,中級,150,single_choice,如果設計師在銅版紙印刷檔案中，將大面積深黑底色的墨量設為 C=100 M=100 Y=100 K=100（總墨量高達 400%），會引發什麼嚴重印刷災難？,油墨太厚極難乾燥，導致堆疊時墨水轉印沾黏到上一張紙背面，造成嚴重的「背印（Set-off / 髒版）」甚至紙張黏死,印刷機印表頭會自動融化,印出來的顏色會變成純白色,印刷廠會自動把多餘墨水退還給設計師,A,總墨量過高（>300%~320%）會造成墨層過厚無法及時揮發乾燥，收紙台上重壓後發生慘烈的背印（反印污染）事故。
VD_PRINT_015,印前製程,CMYK與總墨量,中級,150,speed_buzzer,一般商業平版印刷在高級塗布紙（如特銅、雪銅紙）上，業界公認的安全最大總墨量（Max TAC）通常不建議超過：,約 300% ~ 320%（未塗布模造紙/新聞紙更需降至 220% ~ 260% 以下）,500%,100%,800%,A,一般平版印刷銅版紙安全極限約 300%~320%；毛細孔大、吸墨量高且易化開的道林紙或新聞紙，總墨量必須嚴格控制在 240%~260% 以下。
VD_PRINT_016,印前製程,CMYK與總墨量,初級,100,single_choice,大面積深邃黑色色塊若只設為「K=100%（單色黑 / Flat Black）」，在實體印刷成品上往往會顯得：,發乾、偏灰淡、不夠飽滿深沉，有時還能隱約透出紙張纖維底色,比金屬鉻金屬還要反光漆黑,自動呈現燙金光澤,印出純紅色,A,單一 100% K 油墨厚度有限，印刷實體會呈現偏褐灰色或乾燥發虛感；因此大面積背景黑通常會調配為加入適量底色的 Rich Black。
VD_PRINT_017,印前製程,CMYK與總墨量,中級,150,single_choice,印前排版中，對於「內文極小字（如 8pt 以下的小文字與細表格線條）」，顏色設定的最安全準則為何？,必須設定為「單色黑（K=100%，C=0 M=0 Y=0）」且開啟「黑色疊印（Overprint Black）」,必須設定為四色黑（C=100 M=100 Y=100 K=100）以確保字跡最黑,必須設定為 RGB 螢光色,設定為黃色加淺灰,A,細小文字若用四色疊印，印刷機只要有 0.05mm 微小版位晃動，四色套印不準便會產生嚴重的彩色重影彩邊（色散），導致文字糊爛不可讀。
VD_PRINT_018,印前製程,CMYK與總墨量,挑戰,200,single_choice,印刷專業術語「黑色疊印（Overprint Black / 直封黑）」與「挖空（Knockout）」的差別為何？,Overprint 是讓黑墨直接印在下方彩色底色上方（不挖洞），防止套印微偏露白；Knockout 則是把下層底色挖空成白底再印上層,Overprint 專門用來印白墨，Knockout 專門印金墨,Overprint 是雙面列印，Knockout 是單面列印,兩者是同一種設定的兩種英文翻譯,A,一般黑墨具高遮蓋力，開啟 Overprint 黑墨直壓底色，能 100% 避免因極微小機械套印誤差在細黑字邊緣露出難看的白縫。
VD_PRINT_019,印前製程,CMYK與總墨量,挑戰,200,single_choice,為防止相鄰不同色塊邊界在印刷套印不準時產生白縫，印前軟體會在淺色邊界稍微向深色擴展 0.05~0.1mm 的微小重疊交界，此工藝稱為：,補邊 / 補漏白（Trapping / 陷印工藝）,去斑點（Despeckle）,色域對應（Gamut Mapping）,光柵化（Rasterizing）,A,Trapping（補邊/陷印）利用軟體自動使淺色色塊向相鄰深色邊界稍微外擴（Choke 或 Spread），在接縫處創造極微小的重疊混合帶，消除漏白縫隙。
VD_PRINT_020,印前製程,CMYK與總墨量,中級,150,single_choice,在數位分色（Color Separation）技術中，「GCR（灰色成分替代 / Gray Component Replacement）」的主要功能是：,將 CMY 三色等量混合產生的中性灰色成分，抽離出來改以單一純黑墨（K）替代印刷,強制將所有彩色照片轉為黑白,將印刷機墨水用水稀釋,把黑色油墨換成灰色油墨,A,CMY 三色等量相疊等於灰色；GCR 將此灰色以 K 黑墨取代，能大幅減少總油墨量（降低 TAC）、加速油墨乾燥、降低油墨成本並穩定色彩灰色平衡。
VD_PRINT_021,印前製程,CMYK與總墨量,挑戰,200,single_choice,與 GCR 相近的另一項黑版生成演算法「UCR（底色去除 / Under Color Removal）」，其主要作用範圍聚焦於：,主要針對暗部陰影深色區域（Shadow areas）的 CMY 墨量抽離並由黑墨替代，高光與中間調則不介入,只針對純黃色區域進行黑白替換,完全不使用黑墨印刷,強制將文字轉換為點陣圖,A,UCR（底色去除）專注於高墨量的陰影暗部區域，抽走重疊的 CMY 雜色以黑墨補強，最主要目的即為壓制暗部過高的總墨量（TAC）。
VD_PRINT_022,印前製程,CMYK與總墨量,初級,100,speed_buzzer,如果設計師誤將「RGB 色彩模式」的圖形直接送去傳統四色合版印刷機印製，最常發生的問題是：,合版印刷廠的自動輸出流程（RIP）會自動粗暴將其轉為 CMYK，導致色彩嚴重暗淡偏色，且結果無法預期由客戶自行承擔,印刷機自動列印出真金白銀,紙張會被雷射光燒出一個洞,印刷廠會直接退還全額款項並賠償十倍金額,A,印刷機只有 CMYK 墨水，所有送印檔案必須在設計師校色螢幕上預先轉為 CMYK 確認色調；交由後端自動轉譯容易產生劇烈非預期色差。
VD_PRINT_023,印前製程,CMYK與總墨量,中級,150,single_choice,推薦調配經典飽滿而穩健的「濃郁黑（Rich Black）」CMYK 數值配方，下列何者最符合一般商業印刷安全標準？,"C=30%, M=20%, Y=20%, K=100%（總墨量 170%，安全且飽滿深黑）","C=100%, M=100%, Y=100%, K=100%（總墨量 400%，極易背印髒版）","C=0%, M=0%, Y=0%, K=10%","C=50%, M=50%, Y=50%, K=0%",A,C=30 M=20 Y=20 K=100 是印前經典安全濃黑配方，總墨量約 170% 遠低於 300% 警戒線，黑度深邃均勻且乾燥迅速。
VD_PRINT_024,印前製程,CMYK與總墨量,挑戰,200,single_choice,在 Illustrator 中若誤將一個大面積色塊的黑色填色設定為「Registration（對齊標記黑）」，印出來會發生什麼恐怖後果？,Registration 色在 C、M、Y、K 以及專色所有色版上都是 100% 滿格，總墨量至少 400% 以上，印出來墨水氾濫黏死且邊緣溢墨,顏色會自動變成淺金色,線條會完全隱形消失,只能在黑暗中發光,A,「[Registration]」色票是專門用來繪製十字規線的特殊色，它在所有出出版層上都是 100% 實墨，切不可誤當成一般黑色填色。
VD_PRINT_025,印前製程,特別色與Pantone,初級,100,single_choice,國際公認最權威、跨越設計師、品牌商與印刷廠的專色油墨配色標準系統是：,Pantone（彩通色彩系統）,Adobe RGB,Windows 95 色盤,CSS Web Safe Colors,A,"美國彩通（Pantone Matching System, PMS）是全球專色油墨調配的通用標準語言，確保紐約設計師與台北印刷廠能印出分毫不差的特定色彩。"
VD_PRINT_026,印前製程,特別色與Pantone,初級,100,speed_buzzer,Pantone 色票本代號後方的英文字母後綴，例如「Pantone 185 C」與「Pantone 185 U」，其中 'C' 與 'U' 分別代表：,C' 代表 Coated（塗布亮光銅版紙），'U' 代表 Uncoated（未塗布模造道林紙）,C' 代表 China（中國），'U' 代表 USA（美國）,C' 代表 Cyan（青色），'U' 代表 Ultra（極度鮮豔）,C' 代表 Cheap（平價），'U' 代表 Unique（獨特）,A,Coated（塗布紙）吸墨少光澤高；Uncoated（非塗布道林紙）紙質毛孔吸墨散光，同一配方墨水印在兩者上成色色差極大，故需分開校對。
VD_PRINT_027,印前製程,特別色與Pantone,中級,150,single_choice,企業品牌在設計 CIS 時，堅持為標誌指定「Pantone 特別色」印刷的最核心商業利益是：,確保全球各地所有印刷品（從包裝袋、名片到招牌、禮盒）色彩分毫不差維持極度精準一致，免除四色網點疊印色偏,特別色比一般四色印刷便宜十倍,印表機印特別色完全不需要墨水,特別色能在沒有燈光的暗室自體發光,A,CMYK 疊印受不同印刷廠網點擴大率、水墨平衡與機台狀況影響容易產生色偏；特別色由工廠預先磅秤精確調墨單色平塗，一致性與穩定度最高。
VD_PRINT_028,印前製程,特別色與Pantone,中級,150,single_choice,在四色印刷機上，若要額外印刷一個金色、銀色或螢光色等特別色，印刷機台配置通常必須：,使用具備五色（或更多色組）座的印刷機（例如 4 色 CMYK + 1 特別色組）,直接把金粉倒進黑色墨槽裡面攪拌,只能使用傳統手工絹印一張一張印,在彩色印表機墨水匣裡面加水稀釋,A,每多一個特別色就必須多佔用一個獨立印刷滾筒色座，故五色印刷機（4+1）或六色機（4+2，專色加防磨水性光）是印製專色的標準設備。
VD_PRINT_029,印前製程,特別色與Pantone,挑戰,200,single_choice,印製燙金效果時常見的「金屬油墨（Metallic Ink）」與「燙金箔（Hot Foil Stamping）」兩者工藝成果之差別為：,金屬油墨像一般印刷墨水印出微光金屬色，反光較柔和；燙金箔透過高溫鋼模施壓轉印實體金屬箔膜，具有真鏡面強烈金屬光澤,金屬油墨比燙金箔貴一百倍,燙金箔只能印在純白紙上,兩者是同一個物理工藝無差別,A,Metallic Ink 內含微細金屬粉末油墨平版印刷，成本低但光澤有限；燙箔（Foil Stamping）利用熱熔膠膜固化轉印真金屬箔，具極高鏡面光折射反差。
VD_PRINT_030,印前製程,特別色與Pantone,中級,150,single_choice,在黑卡紙、深藍色牛皮卡紙或透明塑膠瓶身印刷時，若不加印「白墨（Opaque White）」打底，直接印上彩色圖形會產生何種結果？,CMYK 油墨具半透明性，彩色圖案會被深色背景徹底吞噬吸收，色彩變得混暗污濁甚至完全看不見,顏色會自動轉化為發光銀色,圖片會自動浮雕凸起,印刷機無法識別深色紙張會直接報警,A,標準印刷油墨為半透明染料/顏料；深色承印物必須先覆蓋一層高遮蔽力不透明白墨阻隔底色，在其上印製的彩色墨水方能反射正常色彩。
VD_PRINT_031,印前製程,特別色與Pantone,挑戰,200,single_choice,在 Illustrator 或 InDesign 中，色票庫（Swatches）內特別色色票旁邊出現的圖示特徵是：,正方形色塊右下角帶有一個「圓點」與灰色小三角（代表 Spot Color 特別色）,圖示為一顆紅色愛心,色塊完全沒有任何標記,圖示為一張鈔票,A,Adobe 色票面板中，右下角帶有圓點（Dot）者為特別色（Spot Color），實心三角為全域色（Global），四色疊印色（Process Color）則不帶圓點。
VD_PRINT_032,印前製程,特別色與Pantone,初級,100,speed_buzzer,著名珠寶品牌 Tiffany & Co. 的標誌性「知更鳥蛋藍（Tiffany Blue）」，在色彩商業管理上屬於：,專屬註冊專利保護之定制特別色（Custom Pantone No. 1837）,一般路邊文具店隨處可買的水彩藍色,CMYK 四色任意比例隨機調出,公有領域免費開源顏色,A,Tiffany 藍由彩通專門為其客製調配，編號 1837（創立年份），享有極其嚴密的跨國色彩商標保護，非授權不得商業複製。
VD_PRINT_033,印前製程,特別色與Pantone,中級,150,single_choice,在完稿輸出前執行「分色預視（Separations Preview）」，關閉 CMYK 四色只保留特別色通道，其主要目的是：,肉眼確認特別色印版上的文字與圖案是否乾淨獨立分離，防止特別色意外被軟體拆成 CMYK 四色網點,測試螢幕發光效率,把所有文字自動轉為繁體中文,清除檔案中所有的圖片連結,A,分色預視能模擬每個獨立色版（Plate）的真實出墨狀況，確保需要跑特別色座的物件完全沒有被誤轉為四色網點。
VD_PRINT_034,印前製程,特別色與Pantone,挑戰,200,single_choice,印刷中常見的「六色印刷（Hexachrome 或 CMYK + Orange + Green）」，其擴展色域的原理是：,在傳統 CMYK 基礎上追加橙色（O）與綠色（G）兩座專用原色墨，大幅擴充自然界橘紅色與翠綠色的印刷色域空間,加印兩層厚厚的透明水,只是用兩台機器重複印兩次四色,專門用來印黑白報紙,A,Pantone Hexachrome 等高傳真色彩系統透過額外色座補足 CMYK 在純橙與飽和翠綠的色域盲區，覆蓋人眼超過 90% 的潘通色系。
VD_PRINT_035,印前製程,合版與獨立版,初級,100,single_choice,台灣市面上名片、傳單、海報最常見的「合版印刷（Gang-run printing）」，其運作模式與最大優點是：,將數十位不同客戶的檔案拼湊在同一塊大版（大菊全/全紙）上共同印刷，平攤昂貴製版費，價格極度親民平價,單一客戶包下整台機器單獨調整顏色,印刷師傅會專為你一人手工調色兩小時,保證零色差且附贈金邊包裝,A,合版印刷核心在於拼版共用版費與開機費，極具規模經濟，是平價名片宣傳單的主流生產方式。
VD_PRINT_036,印前製程,合版與獨立版,初級,100,speed_buzzer,承上題，「合版印刷」最大且無可避免的天然缺點是：,無法針對單一客戶檔案單獨微調墨量，色差容許範圍通常在 ±10% 左右，且不同批次加印容易有微幅色偏,印刷速度比獨立版慢一百倍,只能使用黑白兩色印刷,印出來的紙張會自動縮水一半,A,因為整塊大版拼了數十家不同色調的稿件，控墨台只能折衷兼顧整體平均墨量，無法為單一名片加重紅色或調亮暗部。
VD_PRINT_037,印前製程,合版與獨立版,中級,150,single_choice,與合版相反的「獨立版印刷（Custom run printing）」，其最突出的優勢為：,單一客戶獨佔整張印版，設計師可親赴印刷廠「看樣（Press Check）」現場與調墨師傅依打樣逐座精準微調水墨平衡,完全不收取任何印工費用,只能印製 10 張以內,絕對不能使用高級紙張,A,獨立版專屬排程，享有最高階色彩掌控權，可隨心所欲自訂紙張、特別色座、高線數加網並現場比對數位樣微調出墨。
VD_PRINT_038,印前製程,合版與獨立版,中級,150,single_choice,企業大型年報、頂級精品畫冊、國際品牌形象手冊等預算充裕且對色彩要求極端嚴苛的專案，應選擇：,獨立版印刷（獨立開版，全程看色簽樣）,超平價合版印刷,辦公室彩色影印機,路邊相片沖印店,A,對品牌識別色標準極度敏感或大面積純色平塗的旗艦專案，必須選擇獨立開版以確保品質無懈可擊。
VD_PRINT_039,印前製程,合版與獨立版,挑戰,200,single_choice,在合版印刷拼版中，若你的名片背景是「大面積 50% 中性灰（C=25 M=20 Y=20 K=0）」，左鄰是一張「大紅底」，右舍是一張「大藍底」，印刷時最容易發生：,灰色受到左右大面積出墨區域墨輥供墨不均的牽制，極易偏紅或偏藍嚴重色偏（合版大忌：大面積灰底）,整張名片自動印出金屬質感,灰底自動轉為透明,兩側顏色完全不會互相影響,A,合版印刷最忌諱「敏感中性灰或大面積平塗色」，墨輥在滾過相鄰重墨區時會產生串墨或出墨量波動，使敏感灰底嚴重偏色。
VD_PRINT_040,印前製程,合版與獨立版,中級,150,single_choice,在合版印刷發包時，印製 500 張與印製 1000 張名片的價格往往只差幾十元新台幣，這是因為：,印刷成本大部分集中在固定成本（CTP 出版、上版調機、洗車浪費的放數紙張），後續連續印製的邊際紙墨成本極低,印刷廠老闆善心大發贈送,紙張在印刷機裡會自行分裂繁殖,印 1000 張使用的墨水濃度只有 500 張的一半,A,工業印刷具備龐大固定開機成本（Make-ready cost），印製數量越多，每張單價便呈指數級驟降。
VD_PRINT_041,印前製程,合版與獨立版,初級,100,speed_buzzer,合版印刷合約條款中，印刷廠通常會明定「正常色差在正負多少百分比內屬於合理驗收範圍，不可作為退件重印理由」？,約 ±10% 以內,必須 0% 絕對零誤差,允許 ±90% 巨大色差,不接受任何色彩規範,A,合版印刷行規一般標註色彩公差約在 8%~10% 區間，對色準要求極度苛求的品牌不宜採用合版發包。
VD_PRINT_042,印前製程,合版與獨立版,中級,150,single_choice,在獨立版看樣（Press Check）時，設計師在看色台（Light Booth）檢視打樣與剛出機的印刷品時，看色台的標準光源環境應為：,D50（色溫約 5000K）或 D65 標準對色燈管，高顯色指數（CRI > 95）且環境無雜色反光,隨意拿路邊黃色路燈照看,用手機手電筒任意照射,在戶外正午大太陽直射下看,A,ISO 3664 規範印刷標準觀察環境為 D50 光源與高顯色性，防止在色溫偏黃或偏藍的非標準燈光下產生「同色異譜（Metamerism）」誤判。
VD_PRINT_043,印前製程,合版與獨立版,挑戰,200,single_choice,合版印刷廠在每天正式發行前，利用自動化演算法將數百個不同客戶檔案智能排滿整張全開大版紙張的工序稱為：,落版拼版（Imposition / 自動化拼版）,點陣化重抽樣,貝茲擬合,色相旋轉,A,Imposition（落版/拼版）依據紙張菊全/對開規格、咬口、裁切位與裝訂折批順序，精確計算排列多個版面以獲取最大紙張利用率。
VD_PRINT_044,印前製程,合版與獨立版,初級,100,single_choice,若需要為只有 10 本的高階客製化相冊快速印刷，且當天下午就需取件，此時最合理的印刷製程選項為：,數位印刷（Digital Printing / 數位直印短版，無須開 CTP 版）,傳統大型四色平版印刷機獨立開版,大型捲筒凹版印刷機,傳統鉛字活版手工排印,A,數位印刷（如 HP Indigo、全彩碳粉/電子油墨直印）無需任何實體製版費用，1 本即可起印，隨到隨印交期神速，極適合極小量短版。
VD_PRINT_045,印前製程,紙張材質與克重,初級,100,single_choice,國際上最通用的紙張厚度/重量計量單位「gsm（或 g/m²）」，代表的物理含義是：,每平方公尺紙張的重量克數（Grams per Square Meter / 基重）,每包紙張的總張數,紙張的長度毫米數,紙張所能承受的最高抗拉拉力公斤數,A,gsm（g/m²）是國際標準基重（Basis Weight），克重越高，紙張通常密度越高或厚度越厚。
VD_PRINT_046,印前製程,紙張材質與克重,初級,100,speed_buzzer,表面平滑光亮、塗布白色高嶺土瓷土層、吸墨率極低且印出色澤極其鮮豔對比強烈的最常見商業用紙是：,銅版紙（Coated Art Paper / 光銅紙）,牛皮紙,灰銅卡紙,無塵吸水紙,A,銅版紙表面經塗布壓光處理，油墨停留在表面氧化結膜，色彩飽和度高、光澤亮眼、網點還原極佳，是宣傳單畫冊之王。
VD_PRINT_047,印前製程,紙張材質與克重,中級,150,single_choice,表面經微量啞光塗布處理、觸感細膩柔和、反射光線不刺眼且印出的文字極適宜閱讀的高級雜誌用紙為：,雪銅紙（Matt Art Paper / 啞粉紙 / 霧面銅版紙）,粗糙砂紙,瓦楞紙板,純牛皮紙,A,雪銅紙具備塗布紙的高網點還原度，但消除了反光眩光刺眼感，觸感溫潤典雅，廣泛應用於高檔雜誌與設計年報。
VD_PRINT_048,印前製程,紙張材質與克重,初級,100,single_choice,一般辦公室常用的影印紙、教科書內頁與筆記本內頁最常採用的「未塗布非光滑紙張」在台灣通稱：,道林紙（Woodfree Paper / 模造紙）,亮面銅版紙,鏡面卡紙,塑膠防水撕不破紙,A,道林紙（模造紙/雙膠紙）未經化學塗布壓光，保有天然木質纖維質樸手感，吸墨透氣、易於鉛筆鋼筆書寫，不反光護眼。
VD_PRINT_049,印前製程,紙張材質與克重,中級,150,single_choice,台灣傳統印刷計量單位「一令紙（Ream）」在平版紙計量標準中，代表多少張全開大紙？,500 張全張大紙,100 張,1000 張,24 張,A,印刷用紙大宗計量以「令（Ream）」為單位，全開規格平版紙一令固定為 500 張整。
VD_PRINT_050,印前製程,紙張材質與克重,挑戰,200,single_choice,在造紙製程中，紙漿纖維隨機器滾筒流動方向排列所形成的「紙張絲流方向（Grain Direction）」，對裝訂書籍有何致命影響？,書籍裝訂線（書脊）必須與紙張絲向「平行」，翻頁才能順暢柔軟自然平攤，否則翻頁生硬抗力強且容易翹頁波浪變形,絲向垂直才能保證文字不掉色,絲向完全不會對裝訂產生任何物理影響,只有日本製造的紙張才有絲向,A,紙張順絲向容易彎折平整，逆絲折疊容易爆線翻頁翹曲；專業印前排版必須嚴格計算「順絲開料（Grain Parallel）」符合書脊方向。
VD_PRINT_051,印前製程,紙張材質與克重,中級,150,speed_buzzer,一般常見的辦公室影印紙（A4 Copy Paper）其標準基重通常為：,70 gsm 或 80 gsm,250 gsm,30 gsm,500 gsm,A,70~80 gsm 是全球辦公室影印事務紙的標準黃金克重，兼顧厚度挺度與雷射印表機走紙順暢度。
VD_PRINT_052,印前製程,紙張材質與克重,中級,150,single_choice,在精緻名片、手工卡片或頂級文藝刊物中，表面帶有自然棉絮微粒、觸感粗糙典雅的日本產美術紙（如竹尾野條紙、大地紙），在分類上屬於：,美術紙 / 藝術花紋紙（Fine Paper / Fancy Paper）,工業包裝瓦楞紙,銅版亮光紙,無塵影印紙,A,美術紙（Fancy Paper）強調紙漿纖維的天然觸覺紋理、特殊肌理與溫暖手感，傳達極高的人文工藝溫度。
VD_PRINT_053,印前製程,紙張材質與克重,挑戰,200,single_choice,一般商業高品質標準厚度名片，其推薦的紙張基重克數通常落在哪個範圍最適宜，拿在手中才具備足夠的硬挺手感？,約 250 gsm 到 350 gsm 之間,80 gsm（一般影印紙薄度）,1000 gsm（如同木板厚度）,40 gsm,A,250~350 gsm（約 300~450 磅）是商務名片的標準厚挺克重區間，能避免拿在手上軟趴趴喪失專業俐落度。
VD_PRINT_054,印前製程,紙張材質與克重,初級,100,single_choice,台灣傳統印刷常見的「四六版（全紙約 31 × 43 吋 / 788 × 1091 mm）」與「菊版（全紙約 25 × 35 吋 / 636 × 890 mm）」，其裁切對應的標準尺寸分別是：,"四六版多對應 B 規尺寸（如 B5, B4）；菊版多對應 A 規國際標準尺寸（如 A4, A5）",四六版只能印長條型，菊版只能印正方形,四六版只能印黑色，菊版專印彩色,兩者尺寸完全相同只是名字不同,A,在台灣印刷廠，「菊全紙」開切對應 ISO A 系列（菊 8 開即 A4）；「四六全紙」開切對應 B 系列（16 開即 B5）。
VD_PRINT_055,印前製程,紙張材質與克重,挑戰,200,speed_buzzer,合成紙（Synthetic Paper，如 YUPO 珠光紙、撕不破紙）具有防水、抗撕裂耐磨的優越特性，其原料本質並非天然木材紙漿，而是：,聚丙烯（PP）等高分子塑膠樹脂基材經過壓延發泡製成,棉花纖維高壓壓製,天然生鐵金屬鍛造,蠶絲蛋白抽取,A,合成紙是石化塑膠薄膜技術的結晶，具備塑膠的防水耐磨與紙張的優異吸墨印刷適性，廣泛用於戶外地圖、冷凍標籤與防水選票。
VD_PRINT_056,印前製程,印刷後加工與裝訂,初級,100,single_choice,在印刷品表面加貼一層微薄的透明塑膠薄膜，分為亮面與啞光霧面，具有防水防污、增強撕裂強度功能的後加工工藝稱為：,上膜 / 覆膜（Lamination，亮膜/霧膜）,軋型（Die-cutting）,裝訂（Binding）,燙金（Foil Stamping）,A,上膜（覆膜）利用熱壓滾筒在印刷紙張表面黏合一層 BOPP 塑膠薄膜，提供耐磨防刮保護並賦予亮面反光或霧面絲絨手感。
VD_PRINT_057,印前製程,印刷後加工與裝訂,初級,100,speed_buzzer,在名片或精美封面印刷完成並覆上霧膜後，僅針對特定「品牌 Logo 或特定文字」區域塗上亮光油墨並以紫外線快速固化，形成局部立體亮光的工藝是：,局部上光（Spot UV / 局部 UV）,全版浸水,熱熔膠膠裝,穿線手工裝訂,A,局部 UV（Spot UV）在霧膜底層上創造出高對比度的晶亮鏡面光澤，利用「霧中帶亮」的質感反差創造極富層次的觸摸視覺體驗。
VD_PRINT_058,印前製程,印刷後加工與裝訂,初級,100,single_choice,利用刻有金屬凹凸圖案的鋅版或銅版，配合加熱與加壓，將金屬薄膜轉印至紙張表面的奢華裝飾工藝稱為：,燙金 / 燙箔（Hot Foil Stamping）,雙面影印,平版印刷,手工折紙,A,燙金工藝（不限於金色，亦有燙銀、燙黑、雷射鐳射金、玫瑰金、透明白金箔）是品牌包裝與喜帖名片中最具代表性的高貴金屬光澤工藝。
VD_PRINT_059,印前製程,印刷後加工與裝訂,中級,150,single_choice,將特製的鋒利鋼刀與壓線鋼線彎折鑲嵌在雷射切割木板上，用來切出非矩形特殊外形（如圓形貼紙、包裝彩盒展開外框）的工具與製程稱為：,軋型 / 刀模切割（Die-cutting）,四色分色,光柵化轉檔,噴墨校稿,A,刀模軋型（Die-cutting）透過鋼刀模沖壓裁切，賦予紙張任意複雜奇形怪狀的外部輪廓與折疊暗線（Crease lines）。
VD_PRINT_060,印前製程,印刷後加工與裝訂,中級,150,single_choice,在紙張背後使用金屬凸模與凹模（陰陽公母雙版）用力加壓，在「完全不加任何油墨或金箔」純粹藉由紙張纖維延展產生立體浮雕效果的工藝稱為：,擊凸 / 鋼印壓凸（Embossing，若往下凹陷則為 Debossing 擊凹）,全彩噴墨,穿線裝訂,上亮膜,A,素壓凹凸（Blind Embossing/Debossing）純粹以光影陰影展現紙張纖維雕刻維度，極富優雅低調的現代極簡工藝之美。
VD_PRINT_061,印前製程,印刷後加工與裝訂,初級,100,speed_buzzer,頁數較少（例如 8 ~ 48 頁的薄手冊、宣傳簡冊、活動指南）最普遍經濟、在書脊中央折線上釘入兩枚金屬鐵絲釘的裝訂法是：,騎馬釘裝訂（Saddle Stitching）,精裝硬殼（Hardcover）,線裝古書（Stab Binding）,活頁夾打孔,A,"騎馬釘因跨頁展開時像跨坐在馬背上而得名，工序簡單神速且能 180 度完全平攤，其總頁數必須恆為 4 的倍數（如 16, 20, 24 頁）。"
VD_PRINT_062,印前製程,印刷後加工與裝訂,中級,150,single_choice,一般厚度小說、教科書最常採用的「平裝膠裝（Perfect Binding / 無線膠裝）」，其工藝方式為：,將折好的書帖書脊處銑背打毛（Milling），塗上熱熔膠（EVA 或 PUR 膠）後包上封面壓緊成冊,用訂書機在邊角釘一下,用透明膠帶隨意黏貼,用針線逐頁縫合,A,無線膠裝以熱熔膠固定整齊切邊的書芯與封面書脊，外觀方正挺拔，書脊可排印書名，適合 60 頁至數百頁厚度刊物。
VD_PRINT_063,印前製程,印刷後加工與裝訂,挑戰,200,single_choice,近年頂級畫冊與高級書籍廣泛採用「PUR 膠裝」，相比傳統一般 EVA 熱熔膠裝，PUR 膠裝的最大技術突破是：,採用反應型聚氨酯熱熔膠（PUR），耐溫耐折性高出數倍，膠層極薄且具備極佳柔韌性，書籍可幾乎 180 度平攤且翻閱數千次絕不脫頁,膠水會在黑暗中自體發光,完全不需要任何封面保護,只能黏貼木頭無法黏紙,A,PUR 膠利用空氣濕氣發生不可逆化學交聯固化，徹底解決傳統 EVA 膠裝容易乾脆老化、寒冬掉頁或高溫融膠的世紀難題，書頁開展度極佳。
VD_PRINT_064,印前製程,印刷後加工與裝訂,挑戰,200,single_choice,字典、聖經、國家級典藏畫冊常採用的「穿線膠裝（Sewn & Glued Binding / 鎖線膠裝）」，其不可替代的品質核心在於：,每一書帖先用堅韌棉線縫合鎖牢，再整體背部上膠成冊，兼具最高物理拉力強度與完全 180 度平攤跨頁閱讀體驗,完全不需要任何機器手工製造,只能使用透明魚線裝訂,成本比騎馬釘便宜十倍,A,穿線膠裝是平裝與精裝書芯最高品質工藝，任憑跨頁拉扯書頁絕不脫落，橫跨兩頁的跨版大圖能毫無遮擋完全平順展開。
VD_PRINT_065,印前製程,印刷後加工與裝訂,中級,150,single_choice,高階典藏書籍的「精裝（Hardcover / Case Binding）」外殼，其內部支撐硬挺手感的骨架材料通常為：,高密度厚灰紙板（荷蘭白卡板 / 灰卡板，厚度約 2~3mm）包覆特銅紙或布面/皮面裝禎,純金屬鋁合金片,充氣塑膠氣墊,一般影印薄紙,A,精裝書殼以 2~3mm 重磅灰卡板為內芯芯板，外層裱貼包覆印刷銅版紙、細緻進口裝禎布或壓紋皮革，書口壓有書溝，典雅厚重具傳世價值。
VD_PRINT_066,印前製程,印刷後加工與裝訂,初級,100,speed_buzzer,在餐廳菜單、公司年度報告或學生畢業紀念冊中，若需要能夠「360 度翻折、且隨時可平攤在桌上書寫」的打孔線圈裝訂方式稱為：,雙線圈裝訂（Twin Loop Wire-O / 鐵線圈活頁裝）,熱熔膠膠裝,四面封箱膠帶封口,騎馬釘對折,A,Wire-O（雙線圈鐵圈裝）紙張打上方孔或圓孔穿入金屬雙齒線圈，頁面翻轉阻力為零，可 360° 向後翻折，是桌曆與手冊首選。
